2026-01-01 16:32:50,688 p=1135368 u=mukesh n=ansible WARNING| [WARNING]: Unable to parse /home/mukesh/Ansible-git-push/Assignment5a/inventory/hosts.yml as an inventory source

2026-01-01 16:32:50,688 p=1135368 u=mukesh n=ansible WARNING| [WARNING]: No inventory was parsed, only implicit localhost is available

2026-01-01 16:32:50,692 p=1135368 u=mukesh n=ansible INFO| @all:
  |--@ungrouped:
2026-01-01 16:33:49,153 p=1135725 u=mukesh n=ansible WARNING| [WARNING]: Failed to parse inventory with 'auto' plugin: Failed to import the required Python library (botocore and boto3) on ubuntu24's Python /usr/bin/python3. Please read the module documentation and install it in the appropriate location. If the required library is installed, but Ansible is using the wrong Python interpreter, please consult the documentation on ansible_python_interpreter

Failed to parse inventory with 'auto' plugin.

<<< caused by >>>

Failed to import the required Python library (botocore and boto3) on ubuntu24's Python /usr/bin/python3. Please read the module documentation and install it in the appropriate location. If the required library is installed, but Ansible is using the wrong Python interpreter, please consult the documentation on ansible_python_interpreter
Origin: <inventory plugin 'auto' with source '/home/mukesh/Ansible-git-push/Assignment5a/inventory/aws_ec2.aws_ec2.yml'>


2026-01-01 16:33:49,153 p=1135725 u=mukesh n=ansible WARNING| [WARNING]: Failed to parse inventory with 'yaml' plugin: Plugin configuration YAML file, not YAML inventory

Failed to parse inventory with 'yaml' plugin.

<<< caused by >>>

Plugin configuration YAML file, not YAML inventory
Origin: <inventory plugin 'yaml' with source '/home/mukesh/Ansible-git-push/Assignment5a/inventory/aws_ec2.aws_ec2.yml'>


2026-01-01 16:33:49,153 p=1135725 u=mukesh n=ansible WARNING| [WARNING]: Failed to parse inventory with 'ini' plugin: Failed to parse inventory: Invalid host pattern 'plugin:' supplied, ending in ':' is not allowed, this character is reserved to provide a port.

Failed to parse inventory with 'ini' plugin.

<<< caused by >>>

Failed to parse inventory: Invalid host pattern 'plugin:' supplied, ending in ':' is not allowed, this character is reserved to provide a port.
Origin: /home/mukesh/Ansible-git-push/Assignment5a/inventory/aws_ec2.aws_ec2.yml


2026-01-01 16:33:49,153 p=1135725 u=mukesh n=ansible WARNING| [WARNING]: Unable to parse /home/mukesh/Ansible-git-push/Assignment5a/inventory/aws_ec2.aws_ec2.yml as an inventory source

2026-01-01 16:33:49,154 p=1135725 u=mukesh n=ansible WARNING| [WARNING]: Unable to parse /home/mukesh/Ansible-git-push/Assignment5a/inventory as an inventory source

2026-01-01 16:33:49,154 p=1135725 u=mukesh n=ansible WARNING| [WARNING]: No inventory was parsed, only implicit localhost is available

2026-01-01 16:33:49,158 p=1135725 u=mukesh n=ansible INFO| @all:
  |--@ungrouped:
2026-01-01 16:35:10,028 p=1136509 u=mukesh n=ansible WARNING| [WARNING]: Unable to parse /home/mukesh/Ansible-git-push/Assignment5a/inventory/hosts.yml as an inventory source

2026-01-01 16:35:10,029 p=1136509 u=mukesh n=ansible WARNING| [WARNING]: No inventory was parsed, only implicit localhost is available

2026-01-01 16:35:10,033 p=1136509 u=mukesh n=ansible INFO| @all:
  |--@ungrouped:
2026-01-01 16:35:45,311 p=1136744 u=mukesh n=ansible WARNING| [WARNING]: Unable to parse /home/mukesh/Ansible-git-push/Assignment5a/inventory/hosts.yml as an inventory source

2026-01-01 16:35:45,311 p=1136744 u=mukesh n=ansible WARNING| [WARNING]: No inventory was parsed, only implicit localhost is available

2026-01-01 16:35:45,316 p=1136744 u=mukesh n=ansible INFO| @all:
  |--@ungrouped:
2026-01-01 16:37:07,417 p=1137298 u=mukesh n=ansible INFO| @all:
  |--@ungrouped:
  |--@aws_ec2:
  |  |--ec2-3-111-150-107.ap-south-1.compute.amazonaws.com
  |  |--ec2-3-110-197-121.ap-south-1.compute.amazonaws.com
  |--@role_app:
  |  |--ec2-3-111-150-107.ap-south-1.compute.amazonaws.com
  |--@role_monitoring:
  |  |--ec2-3-110-197-121.ap-south-1.compute.amazonaws.com
2026-01-01 16:38:05,335 p=1137686 u=mukesh n=ansible INFO| PLAY [Ansible Ad-Hoc] ********************************************************************************************************************
2026-01-01 16:38:05,350 p=1137686 u=mukesh n=ansible WARNING| [WARNING]: Found variable using reserved name 'tags'.
Origin: <unknown>

tags


2026-01-01 16:38:05,353 p=1137686 u=mukesh n=ansible INFO| TASK [ping] ******************************************************************************************************************************
2026-01-01 16:38:15,555 p=1137686 u=mukesh n=ansible ERROR| [ERROR]: Task failed: Data could not be sent to remote host "172.31.40.44". Make sure this host can be reached over ssh: ssh: connect to host 172.31.40.44 port 22: Connection timed out
Origin: <adhoc 'ping' task>

{'action': 'ping', 'args': {}, 'timeout': 0, 'async_val': 0, 'poll': 15}


2026-01-01 16:38:15,556 p=1137686 u=mukesh n=ansible INFO| fatal: [ec2-3-111-150-107.ap-south-1.compute.amazonaws.com]: UNREACHABLE! => changed=false 
  msg: 'Task failed: Data could not be sent to remote host "172.31.40.44". Make sure this host can be reached over ssh: ssh: connect to host 172.31.40.44 port 22: Connection timed out'
  unreachable: true
2026-01-01 16:38:15,557 p=1137686 u=mukesh n=ansible INFO| PLAY RECAP *******************************************************************************************************************************
2026-01-01 16:38:15,557 p=1137686 u=mukesh n=ansible INFO| ec2-3-111-150-107.ap-south-1.compute.amazonaws.com : ok=0    changed=0    unreachable=1    failed=0    skipped=0    rescued=0    ignored=0   
2026-01-01 16:38:20,179 p=1137849 u=mukesh n=ansible INFO| PLAY [Ansible Ad-Hoc] ********************************************************************************************************************
2026-01-01 16:38:20,187 p=1137849 u=mukesh n=ansible WARNING| [WARNING]: Found variable using reserved name 'tags'.
Origin: <unknown>

tags


2026-01-01 16:38:20,189 p=1137849 u=mukesh n=ansible INFO| TASK [ping] ******************************************************************************************************************************
2026-01-01 16:38:30,353 p=1137849 u=mukesh n=ansible ERROR| [ERROR]: Task failed: Data could not be sent to remote host "172.31.35.255". Make sure this host can be reached over ssh: ssh: connect to host 172.31.35.255 port 22: Connection timed out
Origin: <adhoc 'ping' task>

{'action': 'ping', 'args': {}, 'timeout': 0, 'async_val': 0, 'poll': 15}


2026-01-01 16:38:30,354 p=1137849 u=mukesh n=ansible INFO| fatal: [ec2-3-110-197-121.ap-south-1.compute.amazonaws.com]: UNREACHABLE! => changed=false 
  msg: 'Task failed: Data could not be sent to remote host "172.31.35.255". Make sure this host can be reached over ssh: ssh: connect to host 172.31.35.255 port 22: Connection timed out'
  unreachable: true
2026-01-01 16:38:30,356 p=1137849 u=mukesh n=ansible INFO| PLAY RECAP *******************************************************************************************************************************
2026-01-01 16:38:30,356 p=1137849 u=mukesh n=ansible INFO| ec2-3-110-197-121.ap-south-1.compute.amazonaws.com : ok=0    changed=0    unreachable=1    failed=0    skipped=0    rescued=0    ignored=0   
2026-01-01 16:39:45,144 p=1138378 u=mukesh n=ansible INFO| PLAY [Ansible Ad-Hoc] ********************************************************************************************************************
2026-01-01 16:39:45,153 p=1138378 u=mukesh n=ansible WARNING| [WARNING]: Found variable using reserved name 'tags'.
Origin: <unknown>

tags


2026-01-01 16:39:45,155 p=1138378 u=mukesh n=ansible INFO| TASK [ping] ******************************************************************************************************************************
2026-01-01 16:39:57,005 p=1138378 u=mukesh n=ansible ERROR| [ERROR]: Task failed: Data could not be sent to remote host "ec2-3-110-197-121.ap-south-1.compute.amazonaws.com". Make sure this host can be reached over ssh: Warning: Permanently added 'ec2-3-110-197-121.ap-south-1.compute.amazonaws.com' (ED25519) to the list of known hosts.
ubuntu@ec2-3-110-197-121.ap-south-1.compute.amazonaws.com: Permission denied (publickey,gssapi-keyex,gssapi-with-mic).
Origin: <adhoc 'ping' task>

{'action': 'ping', 'args': {}, 'timeout': 0, 'async_val': 0, 'poll': 15}


2026-01-01 16:39:57,007 p=1138378 u=mukesh n=ansible INFO| fatal: [ec2-3-110-197-121.ap-south-1.compute.amazonaws.com]: UNREACHABLE! => changed=false 
  msg: |-
    Task failed: Data could not be sent to remote host "ec2-3-110-197-121.ap-south-1.compute.amazonaws.com". Make sure this host can be reached over ssh: Warning: Permanently added 'ec2-3-110-197-121.ap-south-1.compute.amazonaws.com' (ED25519) to the list of known hosts.
    ubuntu@ec2-3-110-197-121.ap-south-1.compute.amazonaws.com: Permission denied (publickey,gssapi-keyex,gssapi-with-mic).
  unreachable: true
2026-01-01 16:39:57,008 p=1138378 u=mukesh n=ansible INFO| PLAY RECAP *******************************************************************************************************************************
2026-01-01 16:39:57,008 p=1138378 u=mukesh n=ansible INFO| ec2-3-110-197-121.ap-south-1.compute.amazonaws.com : ok=0    changed=0    unreachable=1    failed=0    skipped=0    rescued=0    ignored=0   
2026-01-01 16:43:20,190 p=1139820 u=mukesh n=ansible INFO| PLAY [Ansible Ad-Hoc] ********************************************************************************************************************
2026-01-01 16:43:20,198 p=1139820 u=mukesh n=ansible WARNING| [WARNING]: Found variable using reserved name 'tags'.
Origin: <unknown>

tags


2026-01-01 16:43:20,199 p=1139820 u=mukesh n=ansible INFO| TASK [ping] ******************************************************************************************************************************
2026-01-01 16:43:31,522 p=1139820 u=mukesh n=ansible ERROR| [ERROR]: Task failed: Data could not be sent to remote host "ec2-3-110-197-121.ap-south-1.compute.amazonaws.com". Make sure this host can be reached over ssh: ubuntu@ec2-3-110-197-121.ap-south-1.compute.amazonaws.com: Permission denied (publickey,gssapi-keyex,gssapi-with-mic).
Origin: <adhoc 'ping' task>

{'action': 'ping', 'args': {}, 'timeout': 0, 'async_val': 0, 'poll': 15}


2026-01-01 16:43:31,523 p=1139820 u=mukesh n=ansible INFO| fatal: [ec2-3-110-197-121.ap-south-1.compute.amazonaws.com]: UNREACHABLE! => changed=false 
  msg: 'Task failed: Data could not be sent to remote host "ec2-3-110-197-121.ap-south-1.compute.amazonaws.com". Make sure this host can be reached over ssh: ubuntu@ec2-3-110-197-121.ap-south-1.compute.amazonaws.com: Permission denied (publickey,gssapi-keyex,gssapi-with-mic).'
  unreachable: true
2026-01-01 16:43:31,525 p=1139820 u=mukesh n=ansible INFO| PLAY RECAP *******************************************************************************************************************************
2026-01-01 16:43:31,525 p=1139820 u=mukesh n=ansible INFO| ec2-3-110-197-121.ap-south-1.compute.amazonaws.com : ok=0    changed=0    unreachable=1    failed=0    skipped=0    rescued=0    ignored=0   
2026-01-01 16:43:36,741 p=1140044 u=mukesh n=ansible INFO| PLAY [Ansible Ad-Hoc] ********************************************************************************************************************
2026-01-01 16:43:36,749 p=1140044 u=mukesh n=ansible WARNING| [WARNING]: Found variable using reserved name 'tags'.
Origin: <unknown>

tags


2026-01-01 16:43:36,750 p=1140044 u=mukesh n=ansible INFO| TASK [ping] ******************************************************************************************************************************
2026-01-01 16:43:42,789 p=1140044 u=mukesh n=ansible INFO| ok: [ec2-3-111-150-107.ap-south-1.compute.amazonaws.com]
2026-01-01 16:43:42,795 p=1140044 u=mukesh n=ansible INFO| PLAY RECAP *******************************************************************************************************************************
2026-01-01 16:43:42,796 p=1140044 u=mukesh n=ansible INFO| ec2-3-111-150-107.ap-south-1.compute.amazonaws.com : ok=1    changed=0    unreachable=0    failed=0    skipped=0    rescued=0    ignored=0   
2026-01-01 16:46:35,664 p=1141193 u=mukesh n=ansible INFO| PLAY [Ansible Ad-Hoc] ********************************************************************************************************************
2026-01-01 16:46:35,673 p=1141193 u=mukesh n=ansible WARNING| [WARNING]: Found variable using reserved name 'tags'.
Origin: <unknown>

tags


2026-01-01 16:46:35,674 p=1141193 u=mukesh n=ansible INFO| TASK [ping] ******************************************************************************************************************************
2026-01-01 16:46:41,022 p=1141193 u=mukesh n=ansible INFO| ok: [ec2-3-111-150-107.ap-south-1.compute.amazonaws.com]
2026-01-01 16:46:41,024 p=1141193 u=mukesh n=ansible INFO| PLAY RECAP *******************************************************************************************************************************
2026-01-01 16:46:41,024 p=1141193 u=mukesh n=ansible INFO| ec2-3-111-150-107.ap-south-1.compute.amazonaws.com : ok=1    changed=0    unreachable=0    failed=0    skipped=0    rescued=0    ignored=0   
2026-01-01 16:49:42,585 p=1142326 u=mukesh n=ansible INFO| PLAY [Configure Application Server] ******************************************************************************************************
2026-01-01 16:49:42,596 p=1142326 u=mukesh n=ansible WARNING| [WARNING]: Found variable using reserved name 'tags'.
Origin: <unknown>

tags


2026-01-01 16:49:42,598 p=1142326 u=mukesh n=ansible INFO| TASK [Gathering Facts] *******************************************************************************************************************
2026-01-01 16:49:49,284 p=1142326 u=mukesh n=ansible INFO| ok: [ec2-3-111-150-107.ap-south-1.compute.amazonaws.com]
2026-01-01 16:49:49,288 p=1142326 u=mukesh n=ansible INFO| TASK [app_server : Load OS specific vars] ************************************************************************************************
2026-01-01 16:49:49,319 p=1142326 u=mukesh n=ansible INFO| ok: [ec2-3-111-150-107.ap-south-1.compute.amazonaws.com]
2026-01-01 16:49:49,356 p=1142326 u=mukesh n=ansible INFO| TASK [app_server : Install Java, Maven and Git] ******************************************************************************************
2026-01-01 16:49:50,296 p=1142326 u=mukesh n=ansible ERROR| [ERROR]: Task failed: Module failed: No package matching 'maven' is available
Origin: /home/mukesh/Ansible-git-push/Assignment5a/roles/app_server/tasks/packages.yml:2:3

1 ---
2 - name: Install Java, Maven and Git
    ^ column 3


2026-01-01 16:49:50,297 p=1142326 u=mukesh n=ansible INFO| fatal: [ec2-3-111-150-107.ap-south-1.compute.amazonaws.com]: FAILED! => changed=false 
  msg: No package matching 'maven' is available
2026-01-01 16:49:50,299 p=1142326 u=mukesh n=ansible INFO| PLAY RECAP *******************************************************************************************************************************
2026-01-01 16:49:50,299 p=1142326 u=mukesh n=ansible INFO| ec2-3-111-150-107.ap-south-1.compute.amazonaws.com : ok=2    changed=0    unreachable=0    failed=1    skipped=0    rescued=0    ignored=0   
2026-01-01 16:54:46,951 p=1144209 u=mukesh n=ansible INFO| PLAY [Configure Application Server] ******************************************************************************************************
2026-01-01 16:54:46,965 p=1144209 u=mukesh n=ansible WARNING| [WARNING]: Found variable using reserved name 'tags'.
Origin: <unknown>

tags


2026-01-01 16:54:46,967 p=1144209 u=mukesh n=ansible INFO| TASK [app_server : Load OS specific vars] ************************************************************************************************
2026-01-01 16:54:46,994 p=1144209 u=mukesh n=ansible INFO| ok: [ec2-3-111-150-107.ap-south-1.compute.amazonaws.com]
2026-01-01 16:54:47,000 p=1144209 u=mukesh n=ansible INFO| TASK [app_server : Install packages on Debian/Ubuntu] ************************************************************************************
2026-01-01 16:55:38,422 p=1144209 u=mukesh n=ansible INFO| changed: [ec2-3-111-150-107.ap-south-1.compute.amazonaws.com]
2026-01-01 16:55:38,429 p=1144209 u=mukesh n=ansible INFO| TASK [app_server : Enable extras repo for Maven (Amazon Linux)] **************************************************************************
2026-01-01 16:55:38,442 p=1144209 u=mukesh n=ansible INFO| skipping: [ec2-3-111-150-107.ap-south-1.compute.amazonaws.com]
2026-01-01 16:55:38,449 p=1144209 u=mukesh n=ansible INFO| TASK [app_server : Install packages on RedHat/Amazon Linux] ******************************************************************************
2026-01-01 16:55:38,463 p=1144209 u=mukesh n=ansible INFO| skipping: [ec2-3-111-150-107.ap-south-1.compute.amazonaws.com]
2026-01-01 16:55:38,470 p=1144209 u=mukesh n=ansible INFO| TASK [app_server : Install Maven via EPEL (Amazon Linux)] ********************************************************************************
2026-01-01 16:55:38,484 p=1144209 u=mukesh n=ansible INFO| skipping: [ec2-3-111-150-107.ap-south-1.compute.amazonaws.com]
2026-01-01 16:55:38,490 p=1144209 u=mukesh n=ansible INFO| TASK [app_server : Clone application repo] ***********************************************************************************************
2026-01-01 16:55:38,759 p=1144209 u=mukesh n=ansible ERROR| [ERROR]: Task failed: Action failed: Module result deserialization failed: No start of json char found

Task failed: Action failed.
Origin: /home/mukesh/Ansible-git-push/Assignment5a/roles/app_server/tasks/build.yml:2:3

1 ---
2 - name: Clone application repo
    ^ column 3

<<< caused by >>>

Module result deserialization failed: No start of json char found See stdout/stderr for the returned output.


2026-01-01 16:55:38,761 p=1144209 u=mukesh n=ansible INFO| fatal: [ec2-3-111-150-107.ap-south-1.compute.amazonaws.com]: FAILED! => changed=false 
  module_stderr: |-
    sudo: unknown user deploy
    sudo: error initializing audit plugin sudoers_audit
  module_stdout: ''
  msg: 'Module result deserialization failed: No start of json char found'
  rc: 1
2026-01-01 16:55:38,762 p=1144209 u=mukesh n=ansible INFO| PLAY RECAP *******************************************************************************************************************************
2026-01-01 16:55:38,762 p=1144209 u=mukesh n=ansible INFO| ec2-3-111-150-107.ap-south-1.compute.amazonaws.com : ok=2    changed=1    unreachable=0    failed=1    skipped=3    rescued=0    ignored=0   
2026-01-01 16:58:33,676 p=1145622 u=mukesh n=ansible INFO| PLAY [Configure Application Server] ******************************************************************************************************
2026-01-01 16:58:33,689 p=1145622 u=mukesh n=ansible WARNING| [WARNING]: Found variable using reserved name 'tags'.
Origin: <unknown>

tags


2026-01-01 16:58:33,691 p=1145622 u=mukesh n=ansible INFO| TASK [app_server : Load OS specific vars] ************************************************************************************************
2026-01-01 16:58:33,723 p=1145622 u=mukesh n=ansible INFO| ok: [ec2-3-111-150-107.ap-south-1.compute.amazonaws.com]
2026-01-01 16:58:33,727 p=1145622 u=mukesh n=ansible INFO| TASK [app_server : Install packages on Debian/Ubuntu] ************************************************************************************
2026-01-01 16:58:41,119 p=1145622 u=mukesh n=ansible INFO| ok: [ec2-3-111-150-107.ap-south-1.compute.amazonaws.com]
2026-01-01 16:58:41,127 p=1145622 u=mukesh n=ansible INFO| TASK [app_server : Enable extras repo for Maven (Amazon Linux)] **************************************************************************
2026-01-01 16:58:41,140 p=1145622 u=mukesh n=ansible INFO| skipping: [ec2-3-111-150-107.ap-south-1.compute.amazonaws.com]
2026-01-01 16:58:41,147 p=1145622 u=mukesh n=ansible INFO| TASK [app_server : Install packages on RedHat/Amazon Linux] ******************************************************************************
2026-01-01 16:58:41,162 p=1145622 u=mukesh n=ansible INFO| skipping: [ec2-3-111-150-107.ap-south-1.compute.amazonaws.com]
2026-01-01 16:58:41,169 p=1145622 u=mukesh n=ansible INFO| TASK [app_server : Install Maven via EPEL (Amazon Linux)] ********************************************************************************
2026-01-01 16:58:41,182 p=1145622 u=mukesh n=ansible INFO| skipping: [ec2-3-111-150-107.ap-south-1.compute.amazonaws.com]
2026-01-01 16:58:41,187 p=1145622 u=mukesh n=ansible INFO| TASK [app_server : Clone application repo] ***********************************************************************************************
2026-01-01 16:58:43,782 p=1145622 u=mukesh n=ansible INFO| changed: [ec2-3-111-150-107.ap-south-1.compute.amazonaws.com]
2026-01-01 16:58:43,795 p=1145622 u=mukesh n=ansible INFO| TASK [app_server : Build application] ****************************************************************************************************
2026-01-01 16:59:29,571 p=1145622 u=mukesh n=ansible INFO| changed: [ec2-3-111-150-107.ap-south-1.compute.amazonaws.com]
2026-01-01 16:59:29,575 p=1145622 u=mukesh n=ansible INFO| TASK [app_server : Find built JAR file] **************************************************************************************************
2026-01-01 16:59:30,169 p=1145622 u=mukesh n=ansible INFO| ok: [ec2-3-111-150-107.ap-south-1.compute.amazonaws.com]
2026-01-01 16:59:30,180 p=1145622 u=mukesh n=ansible INFO| TASK [app_server : Fail if no JAR was built] *********************************************************************************************
2026-01-01 16:59:30,193 p=1145622 u=mukesh n=ansible INFO| skipping: [ec2-3-111-150-107.ap-south-1.compute.amazonaws.com]
2026-01-01 16:59:30,198 p=1145622 u=mukesh n=ansible INFO| TASK [app_server : Create systemd service] ***********************************************************************************************
2026-01-01 16:59:32,714 p=1145622 u=mukesh n=ansible INFO| changed: [ec2-3-111-150-107.ap-south-1.compute.amazonaws.com]
2026-01-01 16:59:32,728 p=1145622 u=mukesh n=ansible INFO| TASK [app_server : Enable and start app] *************************************************************************************************
2026-01-01 16:59:34,228 p=1145622 u=mukesh n=ansible INFO| changed: [ec2-3-111-150-107.ap-south-1.compute.amazonaws.com]
2026-01-01 16:59:34,250 p=1145622 u=mukesh n=ansible INFO| TASK [node_exporter : Install Node Exporter on RedHat] ***********************************************************************************
2026-01-01 16:59:34,274 p=1145622 u=mukesh n=ansible INFO| skipping: [ec2-3-111-150-107.ap-south-1.compute.amazonaws.com]
2026-01-01 16:59:34,286 p=1145622 u=mukesh n=ansible INFO| TASK [node_exporter : Install Node Exporter on Ubuntu/Debian] ****************************************************************************
2026-01-01 16:59:34,324 p=1145622 u=mukesh n=ansible INFO| included: /home/mukesh/Ansible-git-push/Assignment5a/roles/node_exporter/tasks/ubuntu.yml for ec2-3-111-150-107.ap-south-1.compute.amazonaws.com
2026-01-01 16:59:34,330 p=1145622 u=mukesh n=ansible INFO| TASK [node_exporter : Create node exporter user] *****************************************************************************************
2026-01-01 16:59:35,080 p=1145622 u=mukesh n=ansible INFO| changed: [ec2-3-111-150-107.ap-south-1.compute.amazonaws.com]
2026-01-01 16:59:35,094 p=1145622 u=mukesh n=ansible INFO| TASK [node_exporter : Download Node Exporter archive] ************************************************************************************
2026-01-01 16:59:36,435 p=1145622 u=mukesh n=ansible WARNING| [WARNING]: Module remote_tmp /root/.ansible/tmp did not exist and was created with a mode of 0700, this may cause issues when running as another user. To avoid this, create the remote_tmp dir with the correct permissions manually

2026-01-01 16:59:36,435 p=1145622 u=mukesh n=ansible INFO| changed: [ec2-3-111-150-107.ap-south-1.compute.amazonaws.com]
2026-01-01 16:59:36,449 p=1145622 u=mukesh n=ansible INFO| TASK [node_exporter : Extract Node Exporter binary] **************************************************************************************
2026-01-01 16:59:39,038 p=1145622 u=mukesh n=ansible INFO| changed: [ec2-3-111-150-107.ap-south-1.compute.amazonaws.com]
2026-01-01 16:59:39,056 p=1145622 u=mukesh n=ansible INFO| TASK [node_exporter : Ensure Node Exporter binary is executable] *************************************************************************
2026-01-01 16:59:40,274 p=1145622 u=mukesh n=ansible INFO| ok: [ec2-3-111-150-107.ap-south-1.compute.amazonaws.com]
2026-01-01 16:59:40,285 p=1145622 u=mukesh n=ansible INFO| TASK [node_exporter : Create systemd service] ********************************************************************************************
2026-01-01 16:59:43,795 p=1145622 u=mukesh n=ansible INFO| changed: [ec2-3-111-150-107.ap-south-1.compute.amazonaws.com]
2026-01-01 16:59:43,824 p=1145622 u=mukesh n=ansible INFO| RUNNING HANDLER [app_server : daemon reload] *********************************************************************************************
2026-01-01 16:59:44,715 p=1145622 u=mukesh n=ansible INFO| ok: [ec2-3-111-150-107.ap-south-1.compute.amazonaws.com]
2026-01-01 16:59:44,724 p=1145622 u=mukesh n=ansible INFO| RUNNING HANDLER [app_server : restart application] ***************************************************************************************
2026-01-01 16:59:45,418 p=1145622 u=mukesh n=ansible INFO| changed: [ec2-3-111-150-107.ap-south-1.compute.amazonaws.com]
2026-01-01 16:59:45,431 p=1145622 u=mukesh n=ansible INFO| RUNNING HANDLER [node_exporter : restart node exporter] **********************************************************************************
2026-01-01 16:59:46,623 p=1145622 u=mukesh n=ansible INFO| changed: [ec2-3-111-150-107.ap-south-1.compute.amazonaws.com]
2026-01-01 16:59:46,634 p=1145622 u=mukesh n=ansible INFO| PLAY [Configure Monitoring Stack] ********************************************************************************************************
2026-01-01 16:59:46,648 p=1145622 u=mukesh n=ansible INFO| TASK [Gathering Facts] *******************************************************************************************************************
2026-01-01 16:59:59,022 p=1145622 u=mukesh n=ansible ERROR| [ERROR]: Task failed: Timeout (12s) waiting for privilege escalation prompt:

2026-01-01 16:59:59,029 p=1145622 u=mukesh n=ansible INFO| fatal: [ec2-3-110-197-121.ap-south-1.compute.amazonaws.com]: UNREACHABLE! => changed=false 
  msg: 'Task failed: Timeout (12s) waiting for privilege escalation prompt:'
  unreachable: true
2026-01-01 16:59:59,031 p=1145622 u=mukesh n=ansible INFO| PLAY RECAP *******************************************************************************************************************************
2026-01-01 16:59:59,032 p=1145622 u=mukesh n=ansible INFO| ec2-3-110-197-121.ap-south-1.compute.amazonaws.com : ok=0    changed=0    unreachable=1    failed=0    skipped=0    rescued=0    ignored=0   
2026-01-01 16:59:59,032 p=1145622 u=mukesh n=ansible INFO| ec2-3-111-150-107.ap-south-1.compute.amazonaws.com : ok=16   changed=10   unreachable=0    failed=0    skipped=5    rescued=0    ignored=0   
2026-01-01 17:14:56,345 p=1152179 u=mukesh n=ansible INFO| PLAY [Configure Application Server] ******************************************************************************************************
2026-01-01 17:14:56,358 p=1152179 u=mukesh n=ansible WARNING| [WARNING]: Found variable using reserved name 'tags'.
Origin: <unknown>

tags


2026-01-01 17:14:56,360 p=1152179 u=mukesh n=ansible INFO| TASK [app_server : Load OS specific vars] ************************************************************************************************
2026-01-01 17:14:56,392 p=1152179 u=mukesh n=ansible INFO| ok: [ec2-3-111-150-107.ap-south-1.compute.amazonaws.com]
2026-01-01 17:14:56,396 p=1152179 u=mukesh n=ansible INFO| TASK [app_server : Install packages on Debian/Ubuntu] ************************************************************************************
2026-01-01 17:15:04,840 p=1152179 u=mukesh n=ansible INFO| ok: [ec2-3-111-150-107.ap-south-1.compute.amazonaws.com]
2026-01-01 17:15:04,849 p=1152179 u=mukesh n=ansible INFO| TASK [app_server : Enable extras repo for Maven (Amazon Linux)] **************************************************************************
2026-01-01 17:15:04,863 p=1152179 u=mukesh n=ansible INFO| skipping: [ec2-3-111-150-107.ap-south-1.compute.amazonaws.com]
2026-01-01 17:15:04,871 p=1152179 u=mukesh n=ansible INFO| TASK [app_server : Install packages on RedHat/Amazon Linux] ******************************************************************************
2026-01-01 17:15:04,889 p=1152179 u=mukesh n=ansible INFO| skipping: [ec2-3-111-150-107.ap-south-1.compute.amazonaws.com]
2026-01-01 17:15:04,897 p=1152179 u=mukesh n=ansible INFO| TASK [app_server : Install Maven via EPEL (Amazon Linux)] ********************************************************************************
2026-01-01 17:15:04,916 p=1152179 u=mukesh n=ansible INFO| skipping: [ec2-3-111-150-107.ap-south-1.compute.amazonaws.com]
2026-01-01 17:15:04,922 p=1152179 u=mukesh n=ansible INFO| TASK [app_server : Clone application repo] ***********************************************************************************************
2026-01-01 17:15:06,714 p=1152179 u=mukesh n=ansible INFO| ok: [ec2-3-111-150-107.ap-south-1.compute.amazonaws.com]
2026-01-01 17:15:06,721 p=1152179 u=mukesh n=ansible INFO| TASK [app_server : Build application] ****************************************************************************************************
2026-01-01 17:15:15,286 p=1152179 u=mukesh n=ansible INFO| changed: [ec2-3-111-150-107.ap-south-1.compute.amazonaws.com]
2026-01-01 17:15:15,292 p=1152179 u=mukesh n=ansible INFO| TASK [app_server : Find built JAR file] **************************************************************************************************
2026-01-01 17:15:15,975 p=1152179 u=mukesh n=ansible INFO| ok: [ec2-3-111-150-107.ap-south-1.compute.amazonaws.com]
2026-01-01 17:15:15,984 p=1152179 u=mukesh n=ansible INFO| TASK [app_server : Fail if no JAR was built] *********************************************************************************************
2026-01-01 17:15:15,995 p=1152179 u=mukesh n=ansible INFO| skipping: [ec2-3-111-150-107.ap-south-1.compute.amazonaws.com]
2026-01-01 17:15:16,000 p=1152179 u=mukesh n=ansible INFO| TASK [app_server : Create systemd service] ***********************************************************************************************
2026-01-01 17:15:17,504 p=1152179 u=mukesh n=ansible INFO| ok: [ec2-3-111-150-107.ap-south-1.compute.amazonaws.com]
2026-01-01 17:15:17,511 p=1152179 u=mukesh n=ansible INFO| TASK [app_server : Enable and start app] *************************************************************************************************
2026-01-01 17:15:18,509 p=1152179 u=mukesh n=ansible INFO| changed: [ec2-3-111-150-107.ap-south-1.compute.amazonaws.com]
2026-01-01 17:15:18,529 p=1152179 u=mukesh n=ansible INFO| TASK [node_exporter : Install Node Exporter on RedHat] ***********************************************************************************
2026-01-01 17:15:18,543 p=1152179 u=mukesh n=ansible INFO| skipping: [ec2-3-111-150-107.ap-south-1.compute.amazonaws.com]
2026-01-01 17:15:18,549 p=1152179 u=mukesh n=ansible INFO| TASK [node_exporter : Install Node Exporter on Ubuntu/Debian] ****************************************************************************
2026-01-01 17:15:18,570 p=1152179 u=mukesh n=ansible INFO| included: /home/mukesh/Ansible-git-push/Assignment5a/roles/node_exporter/tasks/ubuntu.yml for ec2-3-111-150-107.ap-south-1.compute.amazonaws.com
2026-01-01 17:15:18,573 p=1152179 u=mukesh n=ansible INFO| TASK [node_exporter : Create node exporter user] *****************************************************************************************
2026-01-01 17:15:19,210 p=1152179 u=mukesh n=ansible INFO| ok: [ec2-3-111-150-107.ap-south-1.compute.amazonaws.com]
2026-01-01 17:15:19,218 p=1152179 u=mukesh n=ansible INFO| TASK [node_exporter : Download Node Exporter archive] ************************************************************************************
2026-01-01 17:15:20,540 p=1152179 u=mukesh n=ansible INFO| ok: [ec2-3-111-150-107.ap-south-1.compute.amazonaws.com]
2026-01-01 17:15:20,551 p=1152179 u=mukesh n=ansible INFO| TASK [node_exporter : Extract Node Exporter binary] **************************************************************************************
2026-01-01 17:15:20,915 p=1152179 u=mukesh n=ansible INFO| skipping: [ec2-3-111-150-107.ap-south-1.compute.amazonaws.com]
2026-01-01 17:15:20,928 p=1152179 u=mukesh n=ansible INFO| TASK [node_exporter : Ensure Node Exporter binary is executable] *************************************************************************
2026-01-01 17:15:21,385 p=1152179 u=mukesh n=ansible INFO| ok: [ec2-3-111-150-107.ap-south-1.compute.amazonaws.com]
2026-01-01 17:15:21,401 p=1152179 u=mukesh n=ansible INFO| TASK [node_exporter : Create systemd service] ********************************************************************************************
2026-01-01 17:15:22,465 p=1152179 u=mukesh n=ansible INFO| ok: [ec2-3-111-150-107.ap-south-1.compute.amazonaws.com]
2026-01-01 17:15:22,489 p=1152179 u=mukesh n=ansible INFO| RUNNING HANDLER [app_server : restart application] ***************************************************************************************
2026-01-01 17:15:23,088 p=1152179 u=mukesh n=ansible ERROR| [ERROR]: Task failed: Module failed: Unable to start service task-master: Job for task-master.service failed because the control process exited with error code.
See "systemctl status task-master.service" and "journalctl -xeu task-master.service" for details.

Origin: /home/mukesh/Ansible-git-push/Assignment5a/roles/app_server/handlers/main.yml:6:3

4     daemon_reload: yes
5
6 - name: restart application
    ^ column 3


2026-01-01 17:15:23,091 p=1152179 u=mukesh n=ansible INFO| fatal: [ec2-3-111-150-107.ap-south-1.compute.amazonaws.com]: FAILED! => changed=false 
  msg: |-
    Unable to start service task-master: Job for task-master.service failed because the control process exited with error code.
    See "systemctl status task-master.service" and "journalctl -xeu task-master.service" for details.
2026-01-01 17:15:23,092 p=1152179 u=mukesh n=ansible INFO| PLAY RECAP *******************************************************************************************************************************
2026-01-01 17:15:23,092 p=1152179 u=mukesh n=ansible INFO| ec2-3-111-150-107.ap-south-1.compute.amazonaws.com : ok=12   changed=2    unreachable=0    failed=1    skipped=6    rescued=0    ignored=0   
2026-01-01 17:18:45,718 p=1153964 u=mukesh n=ansible INFO| PLAY [Configure Application Server] ******************************************************************************************************
2026-01-01 17:18:45,731 p=1153964 u=mukesh n=ansible WARNING| [WARNING]: Found variable using reserved name 'tags'.
Origin: <unknown>

tags


2026-01-01 17:18:45,732 p=1153964 u=mukesh n=ansible INFO| TASK [app_server : Load OS specific vars] ************************************************************************************************
2026-01-01 17:18:45,763 p=1153964 u=mukesh n=ansible INFO| ok: [ec2-3-111-150-107.ap-south-1.compute.amazonaws.com]
2026-01-01 17:18:45,767 p=1153964 u=mukesh n=ansible INFO| TASK [app_server : Install packages on Debian/Ubuntu] ************************************************************************************
2026-01-01 17:18:55,278 p=1153964 u=mukesh n=ansible INFO| ok: [ec2-3-111-150-107.ap-south-1.compute.amazonaws.com]
2026-01-01 17:18:55,288 p=1153964 u=mukesh n=ansible INFO| TASK [app_server : Enable extras repo for Maven (Amazon Linux)] **************************************************************************
2026-01-01 17:18:55,303 p=1153964 u=mukesh n=ansible INFO| skipping: [ec2-3-111-150-107.ap-south-1.compute.amazonaws.com]
2026-01-01 17:18:55,309 p=1153964 u=mukesh n=ansible INFO| TASK [app_server : Install packages on RedHat/Amazon Linux] ******************************************************************************
2026-01-01 17:18:55,322 p=1153964 u=mukesh n=ansible INFO| skipping: [ec2-3-111-150-107.ap-south-1.compute.amazonaws.com]
2026-01-01 17:18:55,329 p=1153964 u=mukesh n=ansible INFO| TASK [app_server : Install Maven via EPEL (Amazon Linux)] ********************************************************************************
2026-01-01 17:18:55,343 p=1153964 u=mukesh n=ansible INFO| skipping: [ec2-3-111-150-107.ap-south-1.compute.amazonaws.com]
2026-01-01 17:18:55,348 p=1153964 u=mukesh n=ansible INFO| TASK [app_server : Clone application repo] ***********************************************************************************************
2026-01-01 17:18:57,435 p=1153964 u=mukesh n=ansible INFO| ok: [ec2-3-111-150-107.ap-south-1.compute.amazonaws.com]
2026-01-01 17:18:57,460 p=1153964 u=mukesh n=ansible INFO| TASK [app_server : Build application] ****************************************************************************************************
2026-01-01 17:19:06,231 p=1153964 u=mukesh n=ansible INFO| changed: [ec2-3-111-150-107.ap-south-1.compute.amazonaws.com]
2026-01-01 17:19:06,237 p=1153964 u=mukesh n=ansible INFO| TASK [app_server : Find built JAR file] **************************************************************************************************
2026-01-01 17:19:06,847 p=1153964 u=mukesh n=ansible INFO| ok: [ec2-3-111-150-107.ap-south-1.compute.amazonaws.com]
2026-01-01 17:19:06,855 p=1153964 u=mukesh n=ansible INFO| TASK [app_server : Fail if no JAR was built] *********************************************************************************************
2026-01-01 17:19:06,869 p=1153964 u=mukesh n=ansible INFO| skipping: [ec2-3-111-150-107.ap-south-1.compute.amazonaws.com]
2026-01-01 17:19:06,874 p=1153964 u=mukesh n=ansible INFO| TASK [app_server : Create systemd service] ***********************************************************************************************
2026-01-01 17:19:08,545 p=1153964 u=mukesh n=ansible INFO| ok: [ec2-3-111-150-107.ap-south-1.compute.amazonaws.com]
2026-01-01 17:19:08,549 p=1153964 u=mukesh n=ansible INFO| TASK [app_server : Enable and start app] *************************************************************************************************
2026-01-01 17:19:09,634 p=1153964 u=mukesh n=ansible INFO| ok: [ec2-3-111-150-107.ap-south-1.compute.amazonaws.com]
2026-01-01 17:19:09,651 p=1153964 u=mukesh n=ansible INFO| TASK [node_exporter : Install Node Exporter on RedHat] ***********************************************************************************
2026-01-01 17:19:09,664 p=1153964 u=mukesh n=ansible INFO| skipping: [ec2-3-111-150-107.ap-south-1.compute.amazonaws.com]
2026-01-01 17:19:09,669 p=1153964 u=mukesh n=ansible INFO| TASK [node_exporter : Install Node Exporter on Ubuntu/Debian] ****************************************************************************
2026-01-01 17:19:09,692 p=1153964 u=mukesh n=ansible INFO| included: /home/mukesh/Ansible-git-push/Assignment5a/roles/node_exporter/tasks/ubuntu.yml for ec2-3-111-150-107.ap-south-1.compute.amazonaws.com
2026-01-01 17:19:09,696 p=1153964 u=mukesh n=ansible INFO| TASK [node_exporter : Create node exporter user] *****************************************************************************************
2026-01-01 17:19:10,643 p=1153964 u=mukesh n=ansible INFO| ok: [ec2-3-111-150-107.ap-south-1.compute.amazonaws.com]
2026-01-01 17:19:10,651 p=1153964 u=mukesh n=ansible INFO| TASK [node_exporter : Download Node Exporter archive] ************************************************************************************
2026-01-01 17:19:11,875 p=1153964 u=mukesh n=ansible INFO| ok: [ec2-3-111-150-107.ap-south-1.compute.amazonaws.com]
2026-01-01 17:19:11,883 p=1153964 u=mukesh n=ansible INFO| TASK [node_exporter : Extract Node Exporter binary] **************************************************************************************
2026-01-01 17:19:12,795 p=1153964 u=mukesh n=ansible INFO| skipping: [ec2-3-111-150-107.ap-south-1.compute.amazonaws.com]
2026-01-01 17:19:12,800 p=1153964 u=mukesh n=ansible INFO| TASK [node_exporter : Ensure Node Exporter binary is executable] *************************************************************************
2026-01-01 17:19:13,603 p=1153964 u=mukesh n=ansible INFO| ok: [ec2-3-111-150-107.ap-south-1.compute.amazonaws.com]
2026-01-01 17:19:13,610 p=1153964 u=mukesh n=ansible INFO| TASK [node_exporter : Create systemd service] ********************************************************************************************
2026-01-01 17:19:14,722 p=1153964 u=mukesh n=ansible INFO| ok: [ec2-3-111-150-107.ap-south-1.compute.amazonaws.com]
2026-01-01 17:19:14,749 p=1153964 u=mukesh n=ansible INFO| RUNNING HANDLER [app_server : restart application] ***************************************************************************************
2026-01-01 17:19:15,603 p=1153964 u=mukesh n=ansible INFO| changed: [ec2-3-111-150-107.ap-south-1.compute.amazonaws.com]
2026-01-01 17:19:15,607 p=1153964 u=mukesh n=ansible INFO| PLAY [Configure Monitoring Stack] ********************************************************************************************************
2026-01-01 17:19:15,612 p=1153964 u=mukesh n=ansible INFO| TASK [Gathering Facts] *******************************************************************************************************************
2026-01-01 17:19:27,462 p=1153964 u=mukesh n=ansible ERROR| [ERROR]: Task failed: Data could not be sent to remote host "ec2-3-110-197-121.ap-south-1.compute.amazonaws.com". Make sure this host can be reached over ssh: ubuntu@ec2-3-110-197-121.ap-south-1.compute.amazonaws.com: Permission denied (publickey,gssapi-keyex,gssapi-with-mic).

2026-01-01 17:19:27,464 p=1153964 u=mukesh n=ansible INFO| fatal: [ec2-3-110-197-121.ap-south-1.compute.amazonaws.com]: UNREACHABLE! => changed=false 
  msg: 'Task failed: Data could not be sent to remote host "ec2-3-110-197-121.ap-south-1.compute.amazonaws.com". Make sure this host can be reached over ssh: ubuntu@ec2-3-110-197-121.ap-south-1.compute.amazonaws.com: Permission denied (publickey,gssapi-keyex,gssapi-with-mic).'
  unreachable: true
2026-01-01 17:19:27,465 p=1153964 u=mukesh n=ansible INFO| PLAY RECAP *******************************************************************************************************************************
2026-01-01 17:19:27,466 p=1153964 u=mukesh n=ansible INFO| ec2-3-110-197-121.ap-south-1.compute.amazonaws.com : ok=0    changed=0    unreachable=1    failed=0    skipped=0    rescued=0    ignored=0   
2026-01-01 17:19:27,466 p=1153964 u=mukesh n=ansible INFO| ec2-3-111-150-107.ap-south-1.compute.amazonaws.com : ok=13   changed=2    unreachable=0    failed=0    skipped=6    rescued=0    ignored=0   
2026-01-01 17:21:51,960 p=1155289 u=mukesh n=ansible INFO| PLAY [Configure Application Server] ******************************************************************************************************
2026-01-01 17:21:51,977 p=1155289 u=mukesh n=ansible WARNING| [WARNING]: Found variable using reserved name 'tags'.
Origin: <unknown>

tags


2026-01-01 17:21:51,978 p=1155289 u=mukesh n=ansible INFO| TASK [app_server : Load OS specific vars] ************************************************************************************************
2026-01-01 17:21:52,005 p=1155289 u=mukesh n=ansible INFO| ok: [ec2-3-111-150-107.ap-south-1.compute.amazonaws.com]
2026-01-01 17:21:52,010 p=1155289 u=mukesh n=ansible INFO| TASK [app_server : Install packages on Debian/Ubuntu] ************************************************************************************
2026-01-01 17:22:01,044 p=1155289 u=mukesh n=ansible INFO| ok: [ec2-3-111-150-107.ap-south-1.compute.amazonaws.com]
2026-01-01 17:22:01,054 p=1155289 u=mukesh n=ansible INFO| TASK [app_server : Enable extras repo for Maven (Amazon Linux)] **************************************************************************
2026-01-01 17:22:01,069 p=1155289 u=mukesh n=ansible INFO| skipping: [ec2-3-111-150-107.ap-south-1.compute.amazonaws.com]
2026-01-01 17:22:01,077 p=1155289 u=mukesh n=ansible INFO| TASK [app_server : Install packages on RedHat/Amazon Linux] ******************************************************************************
2026-01-01 17:22:01,091 p=1155289 u=mukesh n=ansible INFO| skipping: [ec2-3-111-150-107.ap-south-1.compute.amazonaws.com]
2026-01-01 17:22:01,096 p=1155289 u=mukesh n=ansible INFO| TASK [app_server : Install Maven via EPEL (Amazon Linux)] ********************************************************************************
2026-01-01 17:22:01,109 p=1155289 u=mukesh n=ansible INFO| skipping: [ec2-3-111-150-107.ap-south-1.compute.amazonaws.com]
2026-01-01 17:22:01,114 p=1155289 u=mukesh n=ansible INFO| TASK [app_server : Clone application repo] ***********************************************************************************************
2026-01-01 17:22:02,585 p=1155289 u=mukesh n=ansible ERROR| [ERROR]: User interrupted execution

2026-01-01 17:22:50,346 p=1155782 u=mukesh n=ansible INFO| PLAY [Configure Application Server] ******************************************************************************************************
2026-01-01 17:22:50,359 p=1155782 u=mukesh n=ansible WARNING| [WARNING]: Found variable using reserved name 'tags'.
Origin: <unknown>

tags


2026-01-01 17:22:50,360 p=1155782 u=mukesh n=ansible INFO| TASK [app_server : Load OS specific vars] ************************************************************************************************
2026-01-01 17:22:50,389 p=1155782 u=mukesh n=ansible INFO| ok: [ec2-3-111-150-107.ap-south-1.compute.amazonaws.com]
2026-01-01 17:22:50,395 p=1155782 u=mukesh n=ansible INFO| TASK [app_server : Install packages on Debian/Ubuntu] ************************************************************************************
2026-01-01 17:22:53,038 p=1155782 u=mukesh n=ansible INFO| ok: [ec2-3-111-150-107.ap-south-1.compute.amazonaws.com]
2026-01-01 17:22:53,051 p=1155782 u=mukesh n=ansible INFO| TASK [app_server : Enable extras repo for Maven (Amazon Linux)] **************************************************************************
2026-01-01 17:22:53,080 p=1155782 u=mukesh n=ansible INFO| skipping: [ec2-3-111-150-107.ap-south-1.compute.amazonaws.com]
2026-01-01 17:22:53,097 p=1155782 u=mukesh n=ansible INFO| TASK [app_server : Install packages on RedHat/Amazon Linux] ******************************************************************************
2026-01-01 17:22:53,117 p=1155782 u=mukesh n=ansible INFO| skipping: [ec2-3-111-150-107.ap-south-1.compute.amazonaws.com]
2026-01-01 17:22:53,125 p=1155782 u=mukesh n=ansible INFO| TASK [app_server : Install Maven via EPEL (Amazon Linux)] ********************************************************************************
2026-01-01 17:22:53,139 p=1155782 u=mukesh n=ansible INFO| skipping: [ec2-3-111-150-107.ap-south-1.compute.amazonaws.com]
2026-01-01 17:22:53,144 p=1155782 u=mukesh n=ansible INFO| TASK [app_server : Clone application repo] ***********************************************************************************************
2026-01-01 17:22:54,748 p=1155782 u=mukesh n=ansible INFO| ok: [ec2-3-111-150-107.ap-south-1.compute.amazonaws.com]
2026-01-01 17:22:54,754 p=1155782 u=mukesh n=ansible INFO| TASK [app_server : Build application] ****************************************************************************************************
2026-01-01 17:23:01,257 p=1155782 u=mukesh n=ansible INFO| changed: [ec2-3-111-150-107.ap-south-1.compute.amazonaws.com]
2026-01-01 17:23:01,261 p=1155782 u=mukesh n=ansible INFO| TASK [app_server : Find built JAR file] **************************************************************************************************
2026-01-01 17:23:01,963 p=1155782 u=mukesh n=ansible INFO| ok: [ec2-3-111-150-107.ap-south-1.compute.amazonaws.com]
2026-01-01 17:23:01,970 p=1155782 u=mukesh n=ansible INFO| TASK [app_server : Fail if no JAR was built] *********************************************************************************************
2026-01-01 17:23:01,984 p=1155782 u=mukesh n=ansible INFO| skipping: [ec2-3-111-150-107.ap-south-1.compute.amazonaws.com]
2026-01-01 17:23:01,989 p=1155782 u=mukesh n=ansible INFO| TASK [app_server : Create systemd service] ***********************************************************************************************
2026-01-01 17:23:03,649 p=1155782 u=mukesh n=ansible INFO| ok: [ec2-3-111-150-107.ap-south-1.compute.amazonaws.com]
2026-01-01 17:23:03,656 p=1155782 u=mukesh n=ansible INFO| TASK [app_server : Enable and start app] *************************************************************************************************
2026-01-01 17:23:04,833 p=1155782 u=mukesh n=ansible INFO| ok: [ec2-3-111-150-107.ap-south-1.compute.amazonaws.com]
2026-01-01 17:23:04,853 p=1155782 u=mukesh n=ansible INFO| TASK [node_exporter : Install Node Exporter on RedHat] ***********************************************************************************
2026-01-01 17:23:04,874 p=1155782 u=mukesh n=ansible INFO| skipping: [ec2-3-111-150-107.ap-south-1.compute.amazonaws.com]
2026-01-01 17:23:04,881 p=1155782 u=mukesh n=ansible INFO| TASK [node_exporter : Install Node Exporter on Ubuntu/Debian] ****************************************************************************
2026-01-01 17:23:04,906 p=1155782 u=mukesh n=ansible INFO| included: /home/mukesh/Ansible-git-push/Assignment5a/roles/node_exporter/tasks/ubuntu.yml for ec2-3-111-150-107.ap-south-1.compute.amazonaws.com
2026-01-01 17:23:04,910 p=1155782 u=mukesh n=ansible INFO| TASK [node_exporter : Create node exporter user] *****************************************************************************************
2026-01-01 17:23:05,752 p=1155782 u=mukesh n=ansible INFO| ok: [ec2-3-111-150-107.ap-south-1.compute.amazonaws.com]
2026-01-01 17:23:05,761 p=1155782 u=mukesh n=ansible INFO| TASK [node_exporter : Download Node Exporter archive] ************************************************************************************
2026-01-01 17:23:06,912 p=1155782 u=mukesh n=ansible INFO| ok: [ec2-3-111-150-107.ap-south-1.compute.amazonaws.com]
2026-01-01 17:23:06,922 p=1155782 u=mukesh n=ansible INFO| TASK [node_exporter : Extract Node Exporter binary] **************************************************************************************
2026-01-01 17:23:07,276 p=1155782 u=mukesh n=ansible INFO| skipping: [ec2-3-111-150-107.ap-south-1.compute.amazonaws.com]
2026-01-01 17:23:07,286 p=1155782 u=mukesh n=ansible INFO| TASK [node_exporter : Ensure Node Exporter binary is executable] *************************************************************************
2026-01-01 17:23:07,795 p=1155782 u=mukesh n=ansible INFO| ok: [ec2-3-111-150-107.ap-south-1.compute.amazonaws.com]
2026-01-01 17:23:07,799 p=1155782 u=mukesh n=ansible INFO| TASK [node_exporter : Create systemd service] ********************************************************************************************
2026-01-01 17:23:08,933 p=1155782 u=mukesh n=ansible INFO| ok: [ec2-3-111-150-107.ap-south-1.compute.amazonaws.com]
2026-01-01 17:23:08,947 p=1155782 u=mukesh n=ansible INFO| RUNNING HANDLER [app_server : restart application] ***************************************************************************************
2026-01-01 17:23:09,846 p=1155782 u=mukesh n=ansible INFO| changed: [ec2-3-111-150-107.ap-south-1.compute.amazonaws.com]
2026-01-01 17:23:09,851 p=1155782 u=mukesh n=ansible INFO| PLAY [Configure Monitoring Stack] ********************************************************************************************************
2026-01-01 17:23:09,858 p=1155782 u=mukesh n=ansible INFO| TASK [Gathering Facts] *******************************************************************************************************************
2026-01-01 17:23:22,192 p=1155782 u=mukesh n=ansible ERROR| [ERROR]: Task failed: Timeout (12s) waiting for privilege escalation prompt:

2026-01-01 17:23:22,193 p=1155782 u=mukesh n=ansible INFO| fatal: [ec2-3-110-197-121.ap-south-1.compute.amazonaws.com]: UNREACHABLE! => changed=false 
  msg: 'Task failed: Timeout (12s) waiting for privilege escalation prompt:'
  unreachable: true
2026-01-01 17:23:22,194 p=1155782 u=mukesh n=ansible INFO| PLAY RECAP *******************************************************************************************************************************
2026-01-01 17:23:22,195 p=1155782 u=mukesh n=ansible INFO| ec2-3-110-197-121.ap-south-1.compute.amazonaws.com : ok=0    changed=0    unreachable=1    failed=0    skipped=0    rescued=0    ignored=0   
2026-01-01 17:23:22,195 p=1155782 u=mukesh n=ansible INFO| ec2-3-111-150-107.ap-south-1.compute.amazonaws.com : ok=13   changed=2    unreachable=0    failed=0    skipped=6    rescued=0    ignored=0   
2026-01-01 17:28:04,892 p=1158013 u=mukesh n=ansible INFO| PLAY [Ansible Ad-Hoc] ********************************************************************************************************************
2026-01-01 17:28:04,902 p=1158013 u=mukesh n=ansible WARNING| [WARNING]: Found variable using reserved name 'tags'.
Origin: <unknown>

tags


2026-01-01 17:28:04,903 p=1158013 u=mukesh n=ansible INFO| TASK [ping] ******************************************************************************************************************************
2026-01-01 17:28:17,259 p=1158013 u=mukesh n=ansible INFO| ok: [ec2-3-110-197-121.ap-south-1.compute.amazonaws.com]
2026-01-01 17:28:17,261 p=1158013 u=mukesh n=ansible INFO| PLAY RECAP *******************************************************************************************************************************
2026-01-01 17:28:17,262 p=1158013 u=mukesh n=ansible INFO| ec2-3-110-197-121.ap-south-1.compute.amazonaws.com : ok=1    changed=0    unreachable=0    failed=0    skipped=0    rescued=0    ignored=0   
2026-01-01 17:28:34,792 p=1158287 u=mukesh n=ansible INFO| PLAY [Configure Application Server] ******************************************************************************************************
2026-01-01 17:28:34,809 p=1158287 u=mukesh n=ansible WARNING| [WARNING]: Found variable using reserved name 'tags'.
Origin: <unknown>

tags


2026-01-01 17:28:34,810 p=1158287 u=mukesh n=ansible INFO| TASK [app_server : Load OS specific vars] ************************************************************************************************
2026-01-01 17:28:34,838 p=1158287 u=mukesh n=ansible INFO| ok: [ec2-3-111-150-107.ap-south-1.compute.amazonaws.com]
2026-01-01 17:28:34,844 p=1158287 u=mukesh n=ansible INFO| TASK [app_server : Install packages on Debian/Ubuntu] ************************************************************************************
2026-01-01 17:28:42,143 p=1158287 u=mukesh n=ansible INFO| ok: [ec2-3-111-150-107.ap-south-1.compute.amazonaws.com]
2026-01-01 17:28:42,152 p=1158287 u=mukesh n=ansible INFO| TASK [app_server : Enable extras repo for Maven (Amazon Linux)] **************************************************************************
2026-01-01 17:28:42,165 p=1158287 u=mukesh n=ansible INFO| skipping: [ec2-3-111-150-107.ap-south-1.compute.amazonaws.com]
2026-01-01 17:28:42,172 p=1158287 u=mukesh n=ansible INFO| TASK [app_server : Install packages on RedHat/Amazon Linux] ******************************************************************************
2026-01-01 17:28:42,185 p=1158287 u=mukesh n=ansible INFO| skipping: [ec2-3-111-150-107.ap-south-1.compute.amazonaws.com]
2026-01-01 17:28:42,190 p=1158287 u=mukesh n=ansible INFO| TASK [app_server : Install Maven via EPEL (Amazon Linux)] ********************************************************************************
2026-01-01 17:28:42,203 p=1158287 u=mukesh n=ansible INFO| skipping: [ec2-3-111-150-107.ap-south-1.compute.amazonaws.com]
2026-01-01 17:28:42,208 p=1158287 u=mukesh n=ansible INFO| TASK [app_server : Clone application repo] ***********************************************************************************************
2026-01-01 17:28:44,048 p=1158287 u=mukesh n=ansible INFO| ok: [ec2-3-111-150-107.ap-south-1.compute.amazonaws.com]
2026-01-01 17:28:44,053 p=1158287 u=mukesh n=ansible INFO| TASK [app_server : Build application] ****************************************************************************************************
2026-01-01 17:28:51,359 p=1158287 u=mukesh n=ansible INFO| changed: [ec2-3-111-150-107.ap-south-1.compute.amazonaws.com]
2026-01-01 17:28:51,368 p=1158287 u=mukesh n=ansible INFO| TASK [app_server : Find built JAR file] **************************************************************************************************
2026-01-01 17:28:52,036 p=1158287 u=mukesh n=ansible INFO| ok: [ec2-3-111-150-107.ap-south-1.compute.amazonaws.com]
2026-01-01 17:28:52,046 p=1158287 u=mukesh n=ansible INFO| TASK [app_server : Fail if no JAR was built] *********************************************************************************************
2026-01-01 17:28:52,059 p=1158287 u=mukesh n=ansible INFO| skipping: [ec2-3-111-150-107.ap-south-1.compute.amazonaws.com]
2026-01-01 17:28:52,064 p=1158287 u=mukesh n=ansible INFO| TASK [app_server : Create systemd service] ***********************************************************************************************
2026-01-01 17:28:53,589 p=1158287 u=mukesh n=ansible INFO| ok: [ec2-3-111-150-107.ap-south-1.compute.amazonaws.com]
2026-01-01 17:28:53,596 p=1158287 u=mukesh n=ansible INFO| TASK [app_server : Enable and start app] *************************************************************************************************
2026-01-01 17:28:54,755 p=1158287 u=mukesh n=ansible INFO| ok: [ec2-3-111-150-107.ap-south-1.compute.amazonaws.com]
2026-01-01 17:28:54,787 p=1158287 u=mukesh n=ansible INFO| TASK [node_exporter : Install Node Exporter on RedHat] ***********************************************************************************
2026-01-01 17:28:54,815 p=1158287 u=mukesh n=ansible INFO| skipping: [ec2-3-111-150-107.ap-south-1.compute.amazonaws.com]
2026-01-01 17:28:54,820 p=1158287 u=mukesh n=ansible INFO| TASK [node_exporter : Install Node Exporter on Ubuntu/Debian] ****************************************************************************
2026-01-01 17:28:54,844 p=1158287 u=mukesh n=ansible INFO| included: /home/mukesh/Ansible-git-push/Assignment5a/roles/node_exporter/tasks/ubuntu.yml for ec2-3-111-150-107.ap-south-1.compute.amazonaws.com
2026-01-01 17:28:54,848 p=1158287 u=mukesh n=ansible INFO| TASK [node_exporter : Create node exporter user] *****************************************************************************************
2026-01-01 17:28:55,662 p=1158287 u=mukesh n=ansible INFO| ok: [ec2-3-111-150-107.ap-south-1.compute.amazonaws.com]
2026-01-01 17:28:55,671 p=1158287 u=mukesh n=ansible INFO| TASK [node_exporter : Download Node Exporter archive] ************************************************************************************
2026-01-01 17:28:57,001 p=1158287 u=mukesh n=ansible INFO| ok: [ec2-3-111-150-107.ap-south-1.compute.amazonaws.com]
2026-01-01 17:28:57,012 p=1158287 u=mukesh n=ansible INFO| TASK [node_exporter : Extract Node Exporter binary] **************************************************************************************
2026-01-01 17:28:57,649 p=1158287 u=mukesh n=ansible INFO| skipping: [ec2-3-111-150-107.ap-south-1.compute.amazonaws.com]
2026-01-01 17:28:57,660 p=1158287 u=mukesh n=ansible INFO| TASK [node_exporter : Ensure Node Exporter binary is executable] *************************************************************************
2026-01-01 17:28:58,640 p=1158287 u=mukesh n=ansible INFO| ok: [ec2-3-111-150-107.ap-south-1.compute.amazonaws.com]
2026-01-01 17:28:58,649 p=1158287 u=mukesh n=ansible INFO| TASK [node_exporter : Create systemd service] ********************************************************************************************
2026-01-01 17:29:00,144 p=1158287 u=mukesh n=ansible INFO| ok: [ec2-3-111-150-107.ap-south-1.compute.amazonaws.com]
2026-01-01 17:29:00,175 p=1158287 u=mukesh n=ansible INFO| RUNNING HANDLER [app_server : restart application] ***************************************************************************************
2026-01-01 17:29:01,091 p=1158287 u=mukesh n=ansible INFO| changed: [ec2-3-111-150-107.ap-south-1.compute.amazonaws.com]
2026-01-01 17:29:01,100 p=1158287 u=mukesh n=ansible INFO| PLAY [Configure Monitoring Stack] ********************************************************************************************************
2026-01-01 17:29:01,114 p=1158287 u=mukesh n=ansible INFO| TASK [Gathering Facts] *******************************************************************************************************************
2026-01-01 17:29:02,922 p=1158287 u=mukesh n=ansible INFO| ok: [ec2-3-110-197-121.ap-south-1.compute.amazonaws.com]
2026-01-01 17:29:02,934 p=1158287 u=mukesh n=ansible INFO| TASK [prometheus : Install Prometheus on RedHat] *****************************************************************************************
2026-01-01 17:29:02,976 p=1158287 u=mukesh n=ansible INFO| included: /home/mukesh/Ansible-git-push/Assignment5a/roles/prometheus/tasks/redhat.yml for ec2-3-110-197-121.ap-south-1.compute.amazonaws.com
2026-01-01 17:29:02,979 p=1158287 u=mukesh n=ansible INFO| TASK [prometheus : Create prometheus user] ***********************************************************************************************
2026-01-01 17:29:03,647 p=1158287 u=mukesh n=ansible INFO| changed: [ec2-3-110-197-121.ap-south-1.compute.amazonaws.com]
2026-01-01 17:29:03,655 p=1158287 u=mukesh n=ansible INFO| TASK [prometheus : Create directories] ***************************************************************************************************
2026-01-01 17:29:04,165 p=1158287 u=mukesh n=ansible INFO| changed: [ec2-3-110-197-121.ap-south-1.compute.amazonaws.com] => (item=/opt/prometheus)
2026-01-01 17:29:04,666 p=1158287 u=mukesh n=ansible INFO| changed: [ec2-3-110-197-121.ap-south-1.compute.amazonaws.com] => (item=/var/lib/prometheus)
2026-01-01 17:29:05,180 p=1158287 u=mukesh n=ansible INFO| changed: [ec2-3-110-197-121.ap-south-1.compute.amazonaws.com] => (item=/etc/prometheus)
2026-01-01 17:29:05,192 p=1158287 u=mukesh n=ansible INFO| TASK [prometheus : Download Prometheus] **************************************************************************************************
2026-01-01 17:29:09,481 p=1158287 u=mukesh n=ansible WARNING| [WARNING]: Module remote_tmp /root/.ansible/tmp did not exist and was created with a mode of 0700, this may cause issues when running as another user. To avoid this, create the remote_tmp dir with the correct permissions manually

2026-01-01 17:29:09,481 p=1158287 u=mukesh n=ansible INFO| changed: [ec2-3-110-197-121.ap-south-1.compute.amazonaws.com]
2026-01-01 17:29:09,485 p=1158287 u=mukesh n=ansible INFO| TASK [prometheus : Extract Prometheus] ***************************************************************************************************
2026-01-01 17:29:16,868 p=1158287 u=mukesh n=ansible INFO| changed: [ec2-3-110-197-121.ap-south-1.compute.amazonaws.com]
2026-01-01 17:29:16,879 p=1158287 u=mukesh n=ansible INFO| TASK [prometheus : Install binaries] *****************************************************************************************************
2026-01-01 17:29:18,500 p=1158287 u=mukesh n=ansible INFO| changed: [ec2-3-110-197-121.ap-south-1.compute.amazonaws.com] => (item=prometheus)
2026-01-01 17:29:19,910 p=1158287 u=mukesh n=ansible INFO| changed: [ec2-3-110-197-121.ap-south-1.compute.amazonaws.com] => (item=promtool)
2026-01-01 17:29:19,914 p=1158287 u=mukesh n=ansible INFO| TASK [prometheus : Copy console files] ***************************************************************************************************
2026-01-01 17:29:20,852 p=1158287 u=mukesh n=ansible INFO| changed: [ec2-3-110-197-121.ap-south-1.compute.amazonaws.com] => (item=consoles)
2026-01-01 17:29:21,616 p=1158287 u=mukesh n=ansible INFO| changed: [ec2-3-110-197-121.ap-south-1.compute.amazonaws.com] => (item=console_libraries)
2026-01-01 17:29:21,626 p=1158287 u=mukesh n=ansible INFO| TASK [prometheus : Copy Prometheus config] ***********************************************************************************************
2026-01-01 17:29:21,934 p=1158287 u=mukesh n=ansible ERROR| [ERROR]: Task failed: object of type 'dict' has no attribute 'app'

Task failed.
Origin: /home/mukesh/Ansible-git-push/Assignment5a/roles/prometheus/tasks/redhat.yml:55:3

53     - console_libraries
54
55 - name: Copy Prometheus config
     ^ column 3

<<< caused by >>>

object of type 'dict' has no attribute 'app'
Origin: /home/mukesh/Ansible-git-push/Assignment5a/roles/prometheus/templates/prometheus.yml.j2


2026-01-01 17:29:21,936 p=1158287 u=mukesh n=ansible INFO| fatal: [ec2-3-110-197-121.ap-south-1.compute.amazonaws.com]: FAILED! => changed=false 
  msg: 'Task failed: object of type ''dict'' has no attribute ''app'''
2026-01-01 17:29:21,937 p=1158287 u=mukesh n=ansible INFO| PLAY RECAP *******************************************************************************************************************************
2026-01-01 17:29:21,937 p=1158287 u=mukesh n=ansible INFO| ec2-3-110-197-121.ap-south-1.compute.amazonaws.com : ok=8    changed=6    unreachable=0    failed=1    skipped=0    rescued=0    ignored=0   
2026-01-01 17:29:21,937 p=1158287 u=mukesh n=ansible INFO| ec2-3-111-150-107.ap-south-1.compute.amazonaws.com : ok=13   changed=2    unreachable=0    failed=0    skipped=6    rescued=0    ignored=0   
2026-01-01 17:34:43,506 p=1160827 u=mukesh n=ansible INFO| PLAY [Configure Application Server] ******************************************************************************************************
2026-01-01 17:34:43,523 p=1160827 u=mukesh n=ansible WARNING| [WARNING]: Found variable using reserved name 'tags'.
Origin: <unknown>

tags


2026-01-01 17:34:43,524 p=1160827 u=mukesh n=ansible INFO| TASK [app_server : Load OS specific vars] ************************************************************************************************
2026-01-01 17:34:43,550 p=1160827 u=mukesh n=ansible INFO| ok: [ec2-3-111-150-107.ap-south-1.compute.amazonaws.com]
2026-01-01 17:34:43,554 p=1160827 u=mukesh n=ansible INFO| TASK [app_server : Install packages on Debian/Ubuntu] ************************************************************************************
2026-01-01 17:34:53,147 p=1160827 u=mukesh n=ansible INFO| ok: [ec2-3-111-150-107.ap-south-1.compute.amazonaws.com]
2026-01-01 17:34:53,156 p=1160827 u=mukesh n=ansible INFO| TASK [app_server : Enable extras repo for Maven (Amazon Linux)] **************************************************************************
2026-01-01 17:34:53,167 p=1160827 u=mukesh n=ansible INFO| skipping: [ec2-3-111-150-107.ap-south-1.compute.amazonaws.com]
2026-01-01 17:34:53,172 p=1160827 u=mukesh n=ansible INFO| TASK [app_server : Install packages on RedHat/Amazon Linux] ******************************************************************************
2026-01-01 17:34:53,183 p=1160827 u=mukesh n=ansible INFO| skipping: [ec2-3-111-150-107.ap-south-1.compute.amazonaws.com]
2026-01-01 17:34:53,187 p=1160827 u=mukesh n=ansible INFO| TASK [app_server : Install Maven via EPEL (Amazon Linux)] ********************************************************************************
2026-01-01 17:34:53,198 p=1160827 u=mukesh n=ansible INFO| skipping: [ec2-3-111-150-107.ap-south-1.compute.amazonaws.com]
2026-01-01 17:34:53,202 p=1160827 u=mukesh n=ansible INFO| TASK [app_server : Clone application repo] ***********************************************************************************************
2026-01-01 17:34:55,202 p=1160827 u=mukesh n=ansible INFO| ok: [ec2-3-111-150-107.ap-south-1.compute.amazonaws.com]
2026-01-01 17:34:55,210 p=1160827 u=mukesh n=ansible INFO| TASK [app_server : Build application] ****************************************************************************************************
2026-01-01 17:35:03,683 p=1160827 u=mukesh n=ansible INFO| changed: [ec2-3-111-150-107.ap-south-1.compute.amazonaws.com]
2026-01-01 17:35:03,693 p=1160827 u=mukesh n=ansible INFO| TASK [app_server : Find built JAR file] **************************************************************************************************
2026-01-01 17:35:04,296 p=1160827 u=mukesh n=ansible INFO| ok: [ec2-3-111-150-107.ap-south-1.compute.amazonaws.com]
2026-01-01 17:35:04,305 p=1160827 u=mukesh n=ansible INFO| TASK [app_server : Fail if no JAR was built] *********************************************************************************************
2026-01-01 17:35:04,316 p=1160827 u=mukesh n=ansible INFO| skipping: [ec2-3-111-150-107.ap-south-1.compute.amazonaws.com]
2026-01-01 17:35:04,320 p=1160827 u=mukesh n=ansible INFO| TASK [app_server : Create systemd service] ***********************************************************************************************
2026-01-01 17:35:05,701 p=1160827 u=mukesh n=ansible INFO| ok: [ec2-3-111-150-107.ap-south-1.compute.amazonaws.com]
2026-01-01 17:35:05,710 p=1160827 u=mukesh n=ansible INFO| TASK [app_server : Enable and start app] *************************************************************************************************
2026-01-01 17:35:06,655 p=1160827 u=mukesh n=ansible INFO| ok: [ec2-3-111-150-107.ap-south-1.compute.amazonaws.com]
2026-01-01 17:35:06,665 p=1160827 u=mukesh n=ansible INFO| TASK [node_exporter : Install Node Exporter on RedHat] ***********************************************************************************
2026-01-01 17:35:06,676 p=1160827 u=mukesh n=ansible INFO| skipping: [ec2-3-111-150-107.ap-south-1.compute.amazonaws.com]
2026-01-01 17:35:06,680 p=1160827 u=mukesh n=ansible INFO| TASK [node_exporter : Install Node Exporter on Ubuntu/Debian] ****************************************************************************
2026-01-01 17:35:06,700 p=1160827 u=mukesh n=ansible INFO| included: /home/mukesh/Ansible-git-push/Assignment5a/roles/node_exporter/tasks/ubuntu.yml for ec2-3-111-150-107.ap-south-1.compute.amazonaws.com
2026-01-01 17:35:06,703 p=1160827 u=mukesh n=ansible INFO| TASK [node_exporter : Create node exporter user] *****************************************************************************************
2026-01-01 17:35:07,467 p=1160827 u=mukesh n=ansible INFO| ok: [ec2-3-111-150-107.ap-south-1.compute.amazonaws.com]
2026-01-01 17:35:07,473 p=1160827 u=mukesh n=ansible INFO| TASK [node_exporter : Download Node Exporter archive] ************************************************************************************
2026-01-01 17:35:08,498 p=1160827 u=mukesh n=ansible INFO| ok: [ec2-3-111-150-107.ap-south-1.compute.amazonaws.com]
2026-01-01 17:35:08,515 p=1160827 u=mukesh n=ansible INFO| TASK [node_exporter : Extract Node Exporter binary] **************************************************************************************
2026-01-01 17:35:08,860 p=1160827 u=mukesh n=ansible INFO| skipping: [ec2-3-111-150-107.ap-south-1.compute.amazonaws.com]
2026-01-01 17:35:08,872 p=1160827 u=mukesh n=ansible INFO| TASK [node_exporter : Ensure Node Exporter binary is executable] *************************************************************************
2026-01-01 17:35:09,314 p=1160827 u=mukesh n=ansible INFO| ok: [ec2-3-111-150-107.ap-south-1.compute.amazonaws.com]
2026-01-01 17:35:09,329 p=1160827 u=mukesh n=ansible INFO| TASK [node_exporter : Create systemd service] ********************************************************************************************
2026-01-01 17:35:10,349 p=1160827 u=mukesh n=ansible INFO| ok: [ec2-3-111-150-107.ap-south-1.compute.amazonaws.com]
2026-01-01 17:35:10,369 p=1160827 u=mukesh n=ansible INFO| RUNNING HANDLER [app_server : restart application] ***************************************************************************************
2026-01-01 17:35:11,196 p=1160827 u=mukesh n=ansible INFO| changed: [ec2-3-111-150-107.ap-south-1.compute.amazonaws.com]
2026-01-01 17:35:11,220 p=1160827 u=mukesh n=ansible INFO| PLAY [Configure Monitoring Stack] ********************************************************************************************************
2026-01-01 17:35:11,254 p=1160827 u=mukesh n=ansible INFO| TASK [prometheus : Install Prometheus on RedHat] *****************************************************************************************
2026-01-01 17:35:11,340 p=1160827 u=mukesh n=ansible INFO| included: /home/mukesh/Ansible-git-push/Assignment5a/roles/prometheus/tasks/redhat.yml for ec2-3-110-197-121.ap-south-1.compute.amazonaws.com
2026-01-01 17:35:11,345 p=1160827 u=mukesh n=ansible INFO| TASK [prometheus : Create prometheus user] ***********************************************************************************************
2026-01-01 17:35:23,398 p=1160827 u=mukesh n=ansible ERROR| [ERROR]: Task failed: Timeout (12s) waiting for privilege escalation prompt:
Origin: /home/mukesh/Ansible-git-push/Assignment5a/roles/prometheus/tasks/redhat.yml:2:3

1 ---
2 - name: Create prometheus user
    ^ column 3


2026-01-01 17:35:23,400 p=1160827 u=mukesh n=ansible INFO| fatal: [ec2-3-110-197-121.ap-south-1.compute.amazonaws.com]: UNREACHABLE! => changed=false 
  msg: 'Task failed: Timeout (12s) waiting for privilege escalation prompt:'
  unreachable: true
2026-01-01 17:35:23,401 p=1160827 u=mukesh n=ansible INFO| PLAY RECAP *******************************************************************************************************************************
2026-01-01 17:35:23,402 p=1160827 u=mukesh n=ansible INFO| ec2-3-110-197-121.ap-south-1.compute.amazonaws.com : ok=1    changed=0    unreachable=1    failed=0    skipped=0    rescued=0    ignored=0   
2026-01-01 17:35:23,402 p=1160827 u=mukesh n=ansible INFO| ec2-3-111-150-107.ap-south-1.compute.amazonaws.com : ok=13   changed=2    unreachable=0    failed=0    skipped=6    rescued=0    ignored=0   
2026-01-01 17:38:32,020 p=1162338 u=mukesh n=ansible INFO| PLAY [Configure Application Server] ******************************************************************************************************
2026-01-01 17:38:32,034 p=1162338 u=mukesh n=ansible WARNING| [WARNING]: Found variable using reserved name 'tags'.
Origin: <unknown>

tags


2026-01-01 17:38:32,035 p=1162338 u=mukesh n=ansible INFO| TASK [app_server : Load OS specific vars] ************************************************************************************************
2026-01-01 17:38:32,067 p=1162338 u=mukesh n=ansible INFO| ok: [ec2-3-111-150-107.ap-south-1.compute.amazonaws.com]
2026-01-01 17:38:32,071 p=1162338 u=mukesh n=ansible INFO| TASK [app_server : Install packages on Debian/Ubuntu] ************************************************************************************
2026-01-01 17:38:39,626 p=1162338 u=mukesh n=ansible INFO| ok: [ec2-3-111-150-107.ap-south-1.compute.amazonaws.com]
2026-01-01 17:38:39,633 p=1162338 u=mukesh n=ansible INFO| TASK [app_server : Enable extras repo for Maven (Amazon Linux)] **************************************************************************
2026-01-01 17:38:39,649 p=1162338 u=mukesh n=ansible INFO| skipping: [ec2-3-111-150-107.ap-south-1.compute.amazonaws.com]
2026-01-01 17:38:39,655 p=1162338 u=mukesh n=ansible INFO| TASK [app_server : Install packages on RedHat/Amazon Linux] ******************************************************************************
2026-01-01 17:38:39,667 p=1162338 u=mukesh n=ansible INFO| skipping: [ec2-3-111-150-107.ap-south-1.compute.amazonaws.com]
2026-01-01 17:38:39,672 p=1162338 u=mukesh n=ansible INFO| TASK [app_server : Install Maven via EPEL (Amazon Linux)] ********************************************************************************
2026-01-01 17:38:39,685 p=1162338 u=mukesh n=ansible INFO| skipping: [ec2-3-111-150-107.ap-south-1.compute.amazonaws.com]
2026-01-01 17:38:39,691 p=1162338 u=mukesh n=ansible INFO| TASK [app_server : Clone application repo] ***********************************************************************************************
2026-01-01 17:38:41,341 p=1162338 u=mukesh n=ansible INFO| ok: [ec2-3-111-150-107.ap-south-1.compute.amazonaws.com]
2026-01-01 17:38:41,348 p=1162338 u=mukesh n=ansible INFO| TASK [app_server : Build application] ****************************************************************************************************
2026-01-01 17:38:48,228 p=1162338 u=mukesh n=ansible INFO| changed: [ec2-3-111-150-107.ap-south-1.compute.amazonaws.com]
2026-01-01 17:38:48,238 p=1162338 u=mukesh n=ansible INFO| TASK [app_server : Find built JAR file] **************************************************************************************************
2026-01-01 17:38:48,943 p=1162338 u=mukesh n=ansible INFO| ok: [ec2-3-111-150-107.ap-south-1.compute.amazonaws.com]
2026-01-01 17:38:48,953 p=1162338 u=mukesh n=ansible INFO| TASK [app_server : Fail if no JAR was built] *********************************************************************************************
2026-01-01 17:38:48,966 p=1162338 u=mukesh n=ansible INFO| skipping: [ec2-3-111-150-107.ap-south-1.compute.amazonaws.com]
2026-01-01 17:38:48,972 p=1162338 u=mukesh n=ansible INFO| TASK [app_server : Create systemd service] ***********************************************************************************************
2026-01-01 17:38:50,355 p=1162338 u=mukesh n=ansible INFO| ok: [ec2-3-111-150-107.ap-south-1.compute.amazonaws.com]
2026-01-01 17:38:50,366 p=1162338 u=mukesh n=ansible INFO| TASK [app_server : Enable and start app] *************************************************************************************************
2026-01-01 17:38:51,437 p=1162338 u=mukesh n=ansible INFO| ok: [ec2-3-111-150-107.ap-south-1.compute.amazonaws.com]
2026-01-01 17:38:51,448 p=1162338 u=mukesh n=ansible INFO| TASK [node_exporter : Install Node Exporter on RedHat] ***********************************************************************************
2026-01-01 17:38:51,464 p=1162338 u=mukesh n=ansible INFO| skipping: [ec2-3-111-150-107.ap-south-1.compute.amazonaws.com]
2026-01-01 17:38:51,468 p=1162338 u=mukesh n=ansible INFO| TASK [node_exporter : Install Node Exporter on Ubuntu/Debian] ****************************************************************************
2026-01-01 17:38:51,498 p=1162338 u=mukesh n=ansible INFO| included: /home/mukesh/Ansible-git-push/Assignment5a/roles/node_exporter/tasks/ubuntu.yml for ec2-3-111-150-107.ap-south-1.compute.amazonaws.com
2026-01-01 17:38:51,504 p=1162338 u=mukesh n=ansible INFO| TASK [node_exporter : Create node exporter user] *****************************************************************************************
2026-01-01 17:38:52,369 p=1162338 u=mukesh n=ansible INFO| ok: [ec2-3-111-150-107.ap-south-1.compute.amazonaws.com]
2026-01-01 17:38:52,382 p=1162338 u=mukesh n=ansible INFO| TASK [node_exporter : Download Node Exporter archive] ************************************************************************************
2026-01-01 17:38:53,550 p=1162338 u=mukesh n=ansible INFO| ok: [ec2-3-111-150-107.ap-south-1.compute.amazonaws.com]
2026-01-01 17:38:53,559 p=1162338 u=mukesh n=ansible INFO| TASK [node_exporter : Extract Node Exporter binary] **************************************************************************************
2026-01-01 17:38:53,895 p=1162338 u=mukesh n=ansible INFO| skipping: [ec2-3-111-150-107.ap-south-1.compute.amazonaws.com]
2026-01-01 17:38:53,904 p=1162338 u=mukesh n=ansible INFO| TASK [node_exporter : Ensure Node Exporter binary is executable] *************************************************************************
2026-01-01 17:38:54,368 p=1162338 u=mukesh n=ansible INFO| ok: [ec2-3-111-150-107.ap-south-1.compute.amazonaws.com]
2026-01-01 17:38:54,377 p=1162338 u=mukesh n=ansible INFO| TASK [node_exporter : Create systemd service] ********************************************************************************************
2026-01-01 17:38:55,571 p=1162338 u=mukesh n=ansible INFO| ok: [ec2-3-111-150-107.ap-south-1.compute.amazonaws.com]
2026-01-01 17:38:55,588 p=1162338 u=mukesh n=ansible INFO| RUNNING HANDLER [app_server : restart application] ***************************************************************************************
2026-01-01 17:38:56,415 p=1162338 u=mukesh n=ansible INFO| changed: [ec2-3-111-150-107.ap-south-1.compute.amazonaws.com]
2026-01-01 17:38:56,420 p=1162338 u=mukesh n=ansible INFO| PLAY [Configure Monitoring Stack] ********************************************************************************************************
2026-01-01 17:38:56,430 p=1162338 u=mukesh n=ansible INFO| TASK [prometheus : Install Prometheus on RedHat] *****************************************************************************************
2026-01-01 17:38:56,466 p=1162338 u=mukesh n=ansible INFO| included: /home/mukesh/Ansible-git-push/Assignment5a/roles/prometheus/tasks/redhat.yml for ec2-3-110-197-121.ap-south-1.compute.amazonaws.com
2026-01-01 17:38:56,471 p=1162338 u=mukesh n=ansible INFO| TASK [prometheus : Create prometheus user] ***********************************************************************************************
2026-01-01 17:39:08,520 p=1162338 u=mukesh n=ansible ERROR| [ERROR]: Task failed: Timeout (12s) waiting for privilege escalation prompt:
Origin: /home/mukesh/Ansible-git-push/Assignment5a/roles/prometheus/tasks/redhat.yml:2:3

1 ---
2 - name: Create prometheus user
    ^ column 3


2026-01-01 17:39:08,521 p=1162338 u=mukesh n=ansible INFO| fatal: [ec2-3-110-197-121.ap-south-1.compute.amazonaws.com]: UNREACHABLE! => changed=false 
  msg: 'Task failed: Timeout (12s) waiting for privilege escalation prompt:'
  unreachable: true
2026-01-01 17:39:08,522 p=1162338 u=mukesh n=ansible INFO| PLAY RECAP *******************************************************************************************************************************
2026-01-01 17:39:08,523 p=1162338 u=mukesh n=ansible INFO| ec2-3-110-197-121.ap-south-1.compute.amazonaws.com : ok=1    changed=0    unreachable=1    failed=0    skipped=0    rescued=0    ignored=0   
2026-01-01 17:39:08,523 p=1162338 u=mukesh n=ansible INFO| ec2-3-111-150-107.ap-south-1.compute.amazonaws.com : ok=13   changed=2    unreachable=0    failed=0    skipped=6    rescued=0    ignored=0   
2026-01-01 17:43:02,610 p=1164200 u=mukesh n=ansible INFO| PLAY [Configure Application Server] ******************************************************************************************************
2026-01-01 17:43:02,629 p=1164200 u=mukesh n=ansible WARNING| [WARNING]: Found variable using reserved name 'tags'.
Origin: <unknown>

tags


2026-01-01 17:43:02,630 p=1164200 u=mukesh n=ansible INFO| TASK [app_server : Load OS specific vars] ************************************************************************************************
2026-01-01 17:43:02,664 p=1164200 u=mukesh n=ansible INFO| ok: [ec2-3-111-150-107.ap-south-1.compute.amazonaws.com]
2026-01-01 17:43:02,670 p=1164200 u=mukesh n=ansible INFO| TASK [app_server : Install packages on Debian/Ubuntu] ************************************************************************************
2026-01-01 17:43:09,643 p=1164200 u=mukesh n=ansible INFO| ok: [ec2-3-111-150-107.ap-south-1.compute.amazonaws.com]
2026-01-01 17:43:09,652 p=1164200 u=mukesh n=ansible INFO| TASK [app_server : Enable extras repo for Maven (Amazon Linux)] **************************************************************************
2026-01-01 17:43:09,666 p=1164200 u=mukesh n=ansible INFO| skipping: [ec2-3-111-150-107.ap-south-1.compute.amazonaws.com]
2026-01-01 17:43:09,674 p=1164200 u=mukesh n=ansible INFO| TASK [app_server : Install packages on RedHat/Amazon Linux] ******************************************************************************
2026-01-01 17:43:09,688 p=1164200 u=mukesh n=ansible INFO| skipping: [ec2-3-111-150-107.ap-south-1.compute.amazonaws.com]
2026-01-01 17:43:09,694 p=1164200 u=mukesh n=ansible INFO| TASK [app_server : Install Maven via EPEL (Amazon Linux)] ********************************************************************************
2026-01-01 17:43:09,707 p=1164200 u=mukesh n=ansible INFO| skipping: [ec2-3-111-150-107.ap-south-1.compute.amazonaws.com]
2026-01-01 17:43:09,712 p=1164200 u=mukesh n=ansible INFO| TASK [app_server : Clone application repo] ***********************************************************************************************
2026-01-01 17:43:11,479 p=1164200 u=mukesh n=ansible INFO| ok: [ec2-3-111-150-107.ap-south-1.compute.amazonaws.com]
2026-01-01 17:43:11,484 p=1164200 u=mukesh n=ansible INFO| TASK [app_server : Build application] ****************************************************************************************************
2026-01-01 17:43:19,272 p=1164200 u=mukesh n=ansible INFO| changed: [ec2-3-111-150-107.ap-south-1.compute.amazonaws.com]
2026-01-01 17:43:19,279 p=1164200 u=mukesh n=ansible INFO| TASK [app_server : Find built JAR file] **************************************************************************************************
2026-01-01 17:43:19,984 p=1164200 u=mukesh n=ansible INFO| ok: [ec2-3-111-150-107.ap-south-1.compute.amazonaws.com]
2026-01-01 17:43:19,992 p=1164200 u=mukesh n=ansible INFO| TASK [app_server : Fail if no JAR was built] *********************************************************************************************
2026-01-01 17:43:20,006 p=1164200 u=mukesh n=ansible INFO| skipping: [ec2-3-111-150-107.ap-south-1.compute.amazonaws.com]
2026-01-01 17:43:20,012 p=1164200 u=mukesh n=ansible INFO| TASK [app_server : Create systemd service] ***********************************************************************************************
2026-01-01 17:43:21,385 p=1164200 u=mukesh n=ansible INFO| ok: [ec2-3-111-150-107.ap-south-1.compute.amazonaws.com]
2026-01-01 17:43:21,392 p=1164200 u=mukesh n=ansible INFO| TASK [app_server : Enable and start app] *************************************************************************************************
2026-01-01 17:43:22,545 p=1164200 u=mukesh n=ansible INFO| ok: [ec2-3-111-150-107.ap-south-1.compute.amazonaws.com]
2026-01-01 17:43:22,557 p=1164200 u=mukesh n=ansible INFO| TASK [node_exporter : Install Node Exporter on RedHat] ***********************************************************************************
2026-01-01 17:43:22,571 p=1164200 u=mukesh n=ansible INFO| skipping: [ec2-3-111-150-107.ap-south-1.compute.amazonaws.com]
2026-01-01 17:43:22,576 p=1164200 u=mukesh n=ansible INFO| TASK [node_exporter : Install Node Exporter on Ubuntu/Debian] ****************************************************************************
2026-01-01 17:43:22,599 p=1164200 u=mukesh n=ansible INFO| included: /home/mukesh/Ansible-git-push/Assignment5a/roles/node_exporter/tasks/ubuntu.yml for ec2-3-111-150-107.ap-south-1.compute.amazonaws.com
2026-01-01 17:43:22,602 p=1164200 u=mukesh n=ansible INFO| TASK [node_exporter : Create node exporter user] *****************************************************************************************
2026-01-01 17:43:23,325 p=1164200 u=mukesh n=ansible INFO| ok: [ec2-3-111-150-107.ap-south-1.compute.amazonaws.com]
2026-01-01 17:43:23,335 p=1164200 u=mukesh n=ansible INFO| TASK [node_exporter : Download Node Exporter archive] ************************************************************************************
2026-01-01 17:43:24,389 p=1164200 u=mukesh n=ansible INFO| ok: [ec2-3-111-150-107.ap-south-1.compute.amazonaws.com]
2026-01-01 17:43:24,400 p=1164200 u=mukesh n=ansible INFO| TASK [node_exporter : Extract Node Exporter binary] **************************************************************************************
2026-01-01 17:43:24,770 p=1164200 u=mukesh n=ansible INFO| skipping: [ec2-3-111-150-107.ap-south-1.compute.amazonaws.com]
2026-01-01 17:43:24,778 p=1164200 u=mukesh n=ansible INFO| TASK [node_exporter : Ensure Node Exporter binary is executable] *************************************************************************
2026-01-01 17:43:25,207 p=1164200 u=mukesh n=ansible INFO| ok: [ec2-3-111-150-107.ap-south-1.compute.amazonaws.com]
2026-01-01 17:43:25,221 p=1164200 u=mukesh n=ansible INFO| TASK [node_exporter : Create systemd service] ********************************************************************************************
2026-01-01 17:43:26,406 p=1164200 u=mukesh n=ansible INFO| ok: [ec2-3-111-150-107.ap-south-1.compute.amazonaws.com]
2026-01-01 17:43:26,419 p=1164200 u=mukesh n=ansible INFO| RUNNING HANDLER [app_server : restart application] ***************************************************************************************
2026-01-01 17:43:27,263 p=1164200 u=mukesh n=ansible INFO| changed: [ec2-3-111-150-107.ap-south-1.compute.amazonaws.com]
2026-01-01 17:43:27,283 p=1164200 u=mukesh n=ansible INFO| PLAY [Configure Monitoring Stack] ********************************************************************************************************
2026-01-01 17:43:27,314 p=1164200 u=mukesh n=ansible INFO| TASK [prometheus : Install Prometheus on RedHat] *****************************************************************************************
2026-01-01 17:43:27,362 p=1164200 u=mukesh n=ansible INFO| included: /home/mukesh/Ansible-git-push/Assignment5a/roles/prometheus/tasks/redhat.yml for ec2-3-110-197-121.ap-south-1.compute.amazonaws.com
2026-01-01 17:43:27,367 p=1164200 u=mukesh n=ansible INFO| TASK [prometheus : Create prometheus user] ***********************************************************************************************
2026-01-01 17:43:39,420 p=1164200 u=mukesh n=ansible ERROR| [ERROR]: Task failed: Timeout (12s) waiting for privilege escalation prompt:
Origin: /home/mukesh/Ansible-git-push/Assignment5a/roles/prometheus/tasks/redhat.yml:2:3

1 ---
2 - name: Create prometheus user
    ^ column 3


2026-01-01 17:43:39,421 p=1164200 u=mukesh n=ansible INFO| fatal: [ec2-3-110-197-121.ap-south-1.compute.amazonaws.com]: UNREACHABLE! => changed=false 
  msg: 'Task failed: Timeout (12s) waiting for privilege escalation prompt:'
  unreachable: true
2026-01-01 17:43:39,423 p=1164200 u=mukesh n=ansible INFO| PLAY RECAP *******************************************************************************************************************************
2026-01-01 17:43:39,423 p=1164200 u=mukesh n=ansible INFO| ec2-3-110-197-121.ap-south-1.compute.amazonaws.com : ok=1    changed=0    unreachable=1    failed=0    skipped=0    rescued=0    ignored=0   
2026-01-01 17:43:39,423 p=1164200 u=mukesh n=ansible INFO| ec2-3-111-150-107.ap-south-1.compute.amazonaws.com : ok=13   changed=2    unreachable=0    failed=0    skipped=6    rescued=0    ignored=0   
2026-01-01 17:44:08,324 p=1164830 u=mukesh n=ansible INFO| PLAY [Ansible Ad-Hoc] ********************************************************************************************************************
2026-01-01 17:44:08,335 p=1164830 u=mukesh n=ansible WARNING| [WARNING]: Found variable using reserved name 'tags'.
Origin: <unknown>

tags


2026-01-01 17:44:08,336 p=1164830 u=mukesh n=ansible INFO| TASK [command] ***************************************************************************************************************************
2026-01-01 17:44:09,030 p=1164830 u=mukesh n=ansible INFO| changed: [ec2-3-111-150-107.ap-south-1.compute.amazonaws.com]
2026-01-01 17:44:09,032 p=1164830 u=mukesh n=ansible INFO| PLAY RECAP *******************************************************************************************************************************
2026-01-01 17:44:09,032 p=1164830 u=mukesh n=ansible INFO| ec2-3-111-150-107.ap-south-1.compute.amazonaws.com : ok=1    changed=1    unreachable=0    failed=0    skipped=0    rescued=0    ignored=0   
2026-01-01 17:44:36,291 p=1165038 u=mukesh n=ansible INFO| PLAY [Ansible Ad-Hoc] ********************************************************************************************************************
2026-01-01 17:44:36,301 p=1165038 u=mukesh n=ansible WARNING| [WARNING]: Found variable using reserved name 'tags'.
Origin: <unknown>

tags


2026-01-01 17:44:36,302 p=1165038 u=mukesh n=ansible INFO| TASK [command] ***************************************************************************************************************************
2026-01-01 17:44:37,086 p=1165038 u=mukesh n=ansible INFO| changed: [ec2-3-110-197-121.ap-south-1.compute.amazonaws.com]
2026-01-01 17:44:37,088 p=1165038 u=mukesh n=ansible INFO| PLAY RECAP *******************************************************************************************************************************
2026-01-01 17:44:37,089 p=1165038 u=mukesh n=ansible INFO| ec2-3-110-197-121.ap-south-1.compute.amazonaws.com : ok=1    changed=1    unreachable=0    failed=0    skipped=0    rescued=0    ignored=0   
2026-01-01 17:45:21,211 p=1165326 u=mukesh n=ansible INFO| PLAY [Configure Application Server] ******************************************************************************************************
2026-01-01 17:45:21,226 p=1165326 u=mukesh n=ansible WARNING| [WARNING]: Found variable using reserved name 'tags'.
Origin: <unknown>

tags


2026-01-01 17:45:21,227 p=1165326 u=mukesh n=ansible INFO| TASK [app_server : Load OS specific vars] ************************************************************************************************
2026-01-01 17:45:21,256 p=1165326 u=mukesh n=ansible INFO| ok: [ec2-3-111-150-107.ap-south-1.compute.amazonaws.com]
2026-01-01 17:45:21,260 p=1165326 u=mukesh n=ansible INFO| TASK [app_server : Install packages on Debian/Ubuntu] ************************************************************************************
2026-01-01 17:45:28,586 p=1165326 u=mukesh n=ansible INFO| ok: [ec2-3-111-150-107.ap-south-1.compute.amazonaws.com]
2026-01-01 17:45:28,598 p=1165326 u=mukesh n=ansible INFO| TASK [app_server : Enable extras repo for Maven (Amazon Linux)] **************************************************************************
2026-01-01 17:45:28,612 p=1165326 u=mukesh n=ansible INFO| skipping: [ec2-3-111-150-107.ap-south-1.compute.amazonaws.com]
2026-01-01 17:45:28,618 p=1165326 u=mukesh n=ansible INFO| TASK [app_server : Install packages on RedHat/Amazon Linux] ******************************************************************************
2026-01-01 17:45:28,629 p=1165326 u=mukesh n=ansible INFO| skipping: [ec2-3-111-150-107.ap-south-1.compute.amazonaws.com]
2026-01-01 17:45:28,636 p=1165326 u=mukesh n=ansible INFO| TASK [app_server : Install Maven via EPEL (Amazon Linux)] ********************************************************************************
2026-01-01 17:45:28,648 p=1165326 u=mukesh n=ansible INFO| skipping: [ec2-3-111-150-107.ap-south-1.compute.amazonaws.com]
2026-01-01 17:45:28,653 p=1165326 u=mukesh n=ansible INFO| TASK [app_server : Clone application repo] ***********************************************************************************************
2026-01-01 17:45:30,534 p=1165326 u=mukesh n=ansible INFO| ok: [ec2-3-111-150-107.ap-south-1.compute.amazonaws.com]
2026-01-01 17:45:30,541 p=1165326 u=mukesh n=ansible INFO| TASK [app_server : Build application] ****************************************************************************************************
2026-01-01 17:45:37,797 p=1165326 u=mukesh n=ansible INFO| changed: [ec2-3-111-150-107.ap-south-1.compute.amazonaws.com]
2026-01-01 17:45:37,801 p=1165326 u=mukesh n=ansible INFO| TASK [app_server : Find built JAR file] **************************************************************************************************
2026-01-01 17:45:38,529 p=1165326 u=mukesh n=ansible INFO| ok: [ec2-3-111-150-107.ap-south-1.compute.amazonaws.com]
2026-01-01 17:45:38,542 p=1165326 u=mukesh n=ansible INFO| TASK [app_server : Fail if no JAR was built] *********************************************************************************************
2026-01-01 17:45:38,560 p=1165326 u=mukesh n=ansible INFO| skipping: [ec2-3-111-150-107.ap-south-1.compute.amazonaws.com]
2026-01-01 17:45:38,565 p=1165326 u=mukesh n=ansible INFO| TASK [app_server : Create systemd service] ***********************************************************************************************
2026-01-01 17:45:40,104 p=1165326 u=mukesh n=ansible INFO| ok: [ec2-3-111-150-107.ap-south-1.compute.amazonaws.com]
2026-01-01 17:45:40,117 p=1165326 u=mukesh n=ansible INFO| TASK [app_server : Enable and start app] *************************************************************************************************
2026-01-01 17:45:41,192 p=1165326 u=mukesh n=ansible INFO| ok: [ec2-3-111-150-107.ap-south-1.compute.amazonaws.com]
2026-01-01 17:45:41,214 p=1165326 u=mukesh n=ansible INFO| TASK [node_exporter : Install Node Exporter on RedHat] ***********************************************************************************
2026-01-01 17:45:41,233 p=1165326 u=mukesh n=ansible INFO| skipping: [ec2-3-111-150-107.ap-south-1.compute.amazonaws.com]
2026-01-01 17:45:41,242 p=1165326 u=mukesh n=ansible INFO| TASK [node_exporter : Install Node Exporter on Ubuntu/Debian] ****************************************************************************
2026-01-01 17:45:41,267 p=1165326 u=mukesh n=ansible INFO| included: /home/mukesh/Ansible-git-push/Assignment5a/roles/node_exporter/tasks/ubuntu.yml for ec2-3-111-150-107.ap-south-1.compute.amazonaws.com
2026-01-01 17:45:41,271 p=1165326 u=mukesh n=ansible INFO| TASK [node_exporter : Create node exporter user] *****************************************************************************************
2026-01-01 17:45:42,825 p=1165326 u=mukesh n=ansible INFO| ok: [ec2-3-111-150-107.ap-south-1.compute.amazonaws.com]
2026-01-01 17:45:42,837 p=1165326 u=mukesh n=ansible INFO| TASK [node_exporter : Download Node Exporter archive] ************************************************************************************
2026-01-01 17:45:44,089 p=1165326 u=mukesh n=ansible INFO| ok: [ec2-3-111-150-107.ap-south-1.compute.amazonaws.com]
2026-01-01 17:45:44,107 p=1165326 u=mukesh n=ansible INFO| TASK [node_exporter : Extract Node Exporter binary] **************************************************************************************
2026-01-01 17:45:44,459 p=1165326 u=mukesh n=ansible INFO| skipping: [ec2-3-111-150-107.ap-south-1.compute.amazonaws.com]
2026-01-01 17:45:44,476 p=1165326 u=mukesh n=ansible INFO| TASK [node_exporter : Ensure Node Exporter binary is executable] *************************************************************************
2026-01-01 17:45:44,982 p=1165326 u=mukesh n=ansible INFO| ok: [ec2-3-111-150-107.ap-south-1.compute.amazonaws.com]
2026-01-01 17:45:44,992 p=1165326 u=mukesh n=ansible INFO| TASK [node_exporter : Create systemd service] ********************************************************************************************
2026-01-01 17:45:46,068 p=1165326 u=mukesh n=ansible INFO| ok: [ec2-3-111-150-107.ap-south-1.compute.amazonaws.com]
2026-01-01 17:45:46,097 p=1165326 u=mukesh n=ansible INFO| RUNNING HANDLER [app_server : restart application] ***************************************************************************************
2026-01-01 17:45:47,032 p=1165326 u=mukesh n=ansible INFO| changed: [ec2-3-111-150-107.ap-south-1.compute.amazonaws.com]
2026-01-01 17:45:47,035 p=1165326 u=mukesh n=ansible INFO| PLAY [Configure Monitoring Stack] ********************************************************************************************************
2026-01-01 17:45:47,045 p=1165326 u=mukesh n=ansible INFO| TASK [prometheus : Install Prometheus on RedHat] *****************************************************************************************
2026-01-01 17:45:47,077 p=1165326 u=mukesh n=ansible INFO| included: /home/mukesh/Ansible-git-push/Assignment5a/roles/prometheus/tasks/redhat.yml for ec2-3-110-197-121.ap-south-1.compute.amazonaws.com
2026-01-01 17:45:47,081 p=1165326 u=mukesh n=ansible INFO| TASK [prometheus : Create prometheus user] ***********************************************************************************************
2026-01-01 17:45:59,120 p=1165326 u=mukesh n=ansible ERROR| [ERROR]: Task failed: Timeout (12s) waiting for privilege escalation prompt:
Origin: /home/mukesh/Ansible-git-push/Assignment5a/roles/prometheus/tasks/redhat.yml:2:3

1 ---
2 - name: Create prometheus user
    ^ column 3


2026-01-01 17:45:59,121 p=1165326 u=mukesh n=ansible INFO| fatal: [ec2-3-110-197-121.ap-south-1.compute.amazonaws.com]: UNREACHABLE! => changed=false 
  msg: 'Task failed: Timeout (12s) waiting for privilege escalation prompt:'
  unreachable: true
2026-01-01 17:45:59,122 p=1165326 u=mukesh n=ansible INFO| PLAY RECAP *******************************************************************************************************************************
2026-01-01 17:45:59,122 p=1165326 u=mukesh n=ansible INFO| ec2-3-110-197-121.ap-south-1.compute.amazonaws.com : ok=1    changed=0    unreachable=1    failed=0    skipped=0    rescued=0    ignored=0   
2026-01-01 17:45:59,122 p=1165326 u=mukesh n=ansible INFO| ec2-3-111-150-107.ap-south-1.compute.amazonaws.com : ok=13   changed=2    unreachable=0    failed=0    skipped=6    rescued=0    ignored=0   
2026-01-01 17:47:42,260 p=1166357 u=mukesh n=ansible INFO| PLAY [Configure Application Server] ******************************************************************************************************
2026-01-01 17:47:42,275 p=1166357 u=mukesh n=ansible WARNING| [WARNING]: Found variable using reserved name 'tags'.
Origin: <unknown>

tags


2026-01-01 17:47:42,276 p=1166357 u=mukesh n=ansible INFO| TASK [app_server : Load OS specific vars] ************************************************************************************************
2026-01-01 17:47:42,306 p=1166357 u=mukesh n=ansible INFO| ok: [ec2-3-111-150-107.ap-south-1.compute.amazonaws.com]
2026-01-01 17:47:42,311 p=1166357 u=mukesh n=ansible INFO| TASK [app_server : Install packages on Debian/Ubuntu] ************************************************************************************
2026-01-01 17:47:49,388 p=1166357 u=mukesh n=ansible INFO| ok: [ec2-3-111-150-107.ap-south-1.compute.amazonaws.com]
2026-01-01 17:47:49,396 p=1166357 u=mukesh n=ansible INFO| TASK [app_server : Enable extras repo for Maven (Amazon Linux)] **************************************************************************
2026-01-01 17:47:49,411 p=1166357 u=mukesh n=ansible INFO| skipping: [ec2-3-111-150-107.ap-south-1.compute.amazonaws.com]
2026-01-01 17:47:49,417 p=1166357 u=mukesh n=ansible INFO| TASK [app_server : Install packages on RedHat/Amazon Linux] ******************************************************************************
2026-01-01 17:47:49,432 p=1166357 u=mukesh n=ansible INFO| skipping: [ec2-3-111-150-107.ap-south-1.compute.amazonaws.com]
2026-01-01 17:47:49,438 p=1166357 u=mukesh n=ansible INFO| TASK [app_server : Install Maven via EPEL (Amazon Linux)] ********************************************************************************
2026-01-01 17:47:49,450 p=1166357 u=mukesh n=ansible INFO| skipping: [ec2-3-111-150-107.ap-south-1.compute.amazonaws.com]
2026-01-01 17:47:49,456 p=1166357 u=mukesh n=ansible INFO| TASK [app_server : Clone application repo] ***********************************************************************************************
2026-01-01 17:47:51,161 p=1166357 u=mukesh n=ansible INFO| ok: [ec2-3-111-150-107.ap-south-1.compute.amazonaws.com]
2026-01-01 17:47:51,166 p=1166357 u=mukesh n=ansible INFO| TASK [app_server : Build application] ****************************************************************************************************
2026-01-01 17:47:59,237 p=1166357 u=mukesh n=ansible INFO| changed: [ec2-3-111-150-107.ap-south-1.compute.amazonaws.com]
2026-01-01 17:47:59,246 p=1166357 u=mukesh n=ansible INFO| TASK [app_server : Find built JAR file] **************************************************************************************************
2026-01-01 17:48:00,345 p=1166357 u=mukesh n=ansible INFO| ok: [ec2-3-111-150-107.ap-south-1.compute.amazonaws.com]
2026-01-01 17:48:00,353 p=1166357 u=mukesh n=ansible INFO| TASK [app_server : Fail if no JAR was built] *********************************************************************************************
2026-01-01 17:48:00,366 p=1166357 u=mukesh n=ansible INFO| skipping: [ec2-3-111-150-107.ap-south-1.compute.amazonaws.com]
2026-01-01 17:48:00,373 p=1166357 u=mukesh n=ansible INFO| TASK [app_server : Create systemd service] ***********************************************************************************************
2026-01-01 17:48:02,045 p=1166357 u=mukesh n=ansible INFO| ok: [ec2-3-111-150-107.ap-south-1.compute.amazonaws.com]
2026-01-01 17:48:02,056 p=1166357 u=mukesh n=ansible INFO| TASK [app_server : Enable and start app] *************************************************************************************************
2026-01-01 17:48:03,011 p=1166357 u=mukesh n=ansible INFO| ok: [ec2-3-111-150-107.ap-south-1.compute.amazonaws.com]
2026-01-01 17:48:03,021 p=1166357 u=mukesh n=ansible INFO| TASK [node_exporter : Install Node Exporter on RedHat] ***********************************************************************************
2026-01-01 17:48:03,032 p=1166357 u=mukesh n=ansible INFO| skipping: [ec2-3-111-150-107.ap-south-1.compute.amazonaws.com]
2026-01-01 17:48:03,038 p=1166357 u=mukesh n=ansible INFO| TASK [node_exporter : Install Node Exporter on Ubuntu/Debian] ****************************************************************************
2026-01-01 17:48:03,062 p=1166357 u=mukesh n=ansible INFO| included: /home/mukesh/Ansible-git-push/Assignment5a/roles/node_exporter/tasks/ubuntu.yml for ec2-3-111-150-107.ap-south-1.compute.amazonaws.com
2026-01-01 17:48:03,065 p=1166357 u=mukesh n=ansible INFO| TASK [node_exporter : Create node exporter user] *****************************************************************************************
2026-01-01 17:48:03,835 p=1166357 u=mukesh n=ansible INFO| ok: [ec2-3-111-150-107.ap-south-1.compute.amazonaws.com]
2026-01-01 17:48:03,845 p=1166357 u=mukesh n=ansible INFO| TASK [node_exporter : Download Node Exporter archive] ************************************************************************************
2026-01-01 17:48:05,159 p=1166357 u=mukesh n=ansible INFO| ok: [ec2-3-111-150-107.ap-south-1.compute.amazonaws.com]
2026-01-01 17:48:05,170 p=1166357 u=mukesh n=ansible INFO| TASK [node_exporter : Extract Node Exporter binary] **************************************************************************************
2026-01-01 17:48:05,482 p=1166357 u=mukesh n=ansible INFO| skipping: [ec2-3-111-150-107.ap-south-1.compute.amazonaws.com]
2026-01-01 17:48:05,492 p=1166357 u=mukesh n=ansible INFO| TASK [node_exporter : Ensure Node Exporter binary is executable] *************************************************************************
2026-01-01 17:48:05,976 p=1166357 u=mukesh n=ansible INFO| ok: [ec2-3-111-150-107.ap-south-1.compute.amazonaws.com]
2026-01-01 17:48:05,985 p=1166357 u=mukesh n=ansible INFO| TASK [node_exporter : Create systemd service] ********************************************************************************************
2026-01-01 17:48:07,463 p=1166357 u=mukesh n=ansible INFO| ok: [ec2-3-111-150-107.ap-south-1.compute.amazonaws.com]
2026-01-01 17:48:07,497 p=1166357 u=mukesh n=ansible INFO| RUNNING HANDLER [app_server : restart application] ***************************************************************************************
2026-01-01 17:48:08,406 p=1166357 u=mukesh n=ansible INFO| changed: [ec2-3-111-150-107.ap-south-1.compute.amazonaws.com]
2026-01-01 17:48:08,414 p=1166357 u=mukesh n=ansible INFO| PLAY [Configure Monitoring Stack] ********************************************************************************************************
2026-01-01 17:48:08,423 p=1166357 u=mukesh n=ansible INFO| TASK [prometheus : Install Prometheus on RedHat] *****************************************************************************************
2026-01-01 17:48:08,448 p=1166357 u=mukesh n=ansible INFO| included: /home/mukesh/Ansible-git-push/Assignment5a/roles/prometheus/tasks/redhat.yml for ec2-3-110-197-121.ap-south-1.compute.amazonaws.com
2026-01-01 17:48:08,451 p=1166357 u=mukesh n=ansible INFO| TASK [prometheus : Create prometheus user] ***********************************************************************************************
2026-01-01 17:48:20,934 p=1166357 u=mukesh n=ansible INFO| ok: [ec2-3-110-197-121.ap-south-1.compute.amazonaws.com]
2026-01-01 17:48:20,947 p=1166357 u=mukesh n=ansible INFO| TASK [prometheus : Create directories] ***************************************************************************************************
2026-01-01 17:48:21,498 p=1166357 u=mukesh n=ansible INFO| ok: [ec2-3-110-197-121.ap-south-1.compute.amazonaws.com] => (item=/opt/prometheus)
2026-01-01 17:48:22,052 p=1166357 u=mukesh n=ansible INFO| ok: [ec2-3-110-197-121.ap-south-1.compute.amazonaws.com] => (item=/var/lib/prometheus)
2026-01-01 17:48:22,566 p=1166357 u=mukesh n=ansible INFO| ok: [ec2-3-110-197-121.ap-south-1.compute.amazonaws.com] => (item=/etc/prometheus)
2026-01-01 17:48:22,578 p=1166357 u=mukesh n=ansible INFO| TASK [prometheus : Download Prometheus] **************************************************************************************************
2026-01-01 17:48:23,496 p=1166357 u=mukesh n=ansible INFO| ok: [ec2-3-110-197-121.ap-south-1.compute.amazonaws.com]
2026-01-01 17:48:23,507 p=1166357 u=mukesh n=ansible INFO| TASK [prometheus : Extract Prometheus] ***************************************************************************************************
2026-01-01 17:48:29,233 p=1166357 u=mukesh n=ansible INFO| ok: [ec2-3-110-197-121.ap-south-1.compute.amazonaws.com]
2026-01-01 17:48:29,243 p=1166357 u=mukesh n=ansible INFO| TASK [prometheus : Install binaries] *****************************************************************************************************
2026-01-01 17:48:30,950 p=1166357 u=mukesh n=ansible INFO| ok: [ec2-3-110-197-121.ap-south-1.compute.amazonaws.com] => (item=prometheus)
2026-01-01 17:48:32,511 p=1166357 u=mukesh n=ansible INFO| ok: [ec2-3-110-197-121.ap-south-1.compute.amazonaws.com] => (item=promtool)
2026-01-01 17:48:32,523 p=1166357 u=mukesh n=ansible INFO| TASK [prometheus : Copy console files] ***************************************************************************************************
2026-01-01 17:48:33,394 p=1166357 u=mukesh n=ansible INFO| ok: [ec2-3-110-197-121.ap-south-1.compute.amazonaws.com] => (item=consoles)
2026-01-01 17:48:34,329 p=1166357 u=mukesh n=ansible INFO| ok: [ec2-3-110-197-121.ap-south-1.compute.amazonaws.com] => (item=console_libraries)
2026-01-01 17:48:34,338 p=1166357 u=mukesh n=ansible INFO| TASK [prometheus : Copy Prometheus config] ***********************************************************************************************
2026-01-01 17:48:36,272 p=1166357 u=mukesh n=ansible INFO| changed: [ec2-3-110-197-121.ap-south-1.compute.amazonaws.com]
2026-01-01 17:48:36,277 p=1166357 u=mukesh n=ansible INFO| TASK [prometheus : Create systemd service] ***********************************************************************************************
2026-01-01 17:48:38,087 p=1166357 u=mukesh n=ansible INFO| changed: [ec2-3-110-197-121.ap-south-1.compute.amazonaws.com]
2026-01-01 17:48:38,096 p=1166357 u=mukesh n=ansible INFO| TASK [prometheus : Install Prometheus on Ubuntu/Debian] **********************************************************************************
2026-01-01 17:48:38,114 p=1166357 u=mukesh n=ansible INFO| skipping: [ec2-3-110-197-121.ap-south-1.compute.amazonaws.com]
2026-01-01 17:48:38,121 p=1166357 u=mukesh n=ansible INFO| TASK [grafana : include_tasks] ***********************************************************************************************************
2026-01-01 17:48:38,155 p=1166357 u=mukesh n=ansible INFO| included: /home/mukesh/Ansible-git-push/Assignment5a/roles/grafana/tasks/redhat.yml for ec2-3-110-197-121.ap-south-1.compute.amazonaws.com
2026-01-01 17:48:38,158 p=1166357 u=mukesh n=ansible INFO| TASK [grafana : Add Grafana YUM repository] **********************************************************************************************
2026-01-01 17:48:39,853 p=1166357 u=mukesh n=ansible INFO| changed: [ec2-3-110-197-121.ap-south-1.compute.amazonaws.com]
2026-01-01 17:48:39,863 p=1166357 u=mukesh n=ansible INFO| TASK [grafana : Install Grafana] *********************************************************************************************************
2026-01-01 17:49:12,856 p=1166357 u=mukesh n=ansible INFO| changed: [ec2-3-110-197-121.ap-south-1.compute.amazonaws.com]
2026-01-01 17:49:12,866 p=1166357 u=mukesh n=ansible INFO| TASK [grafana : Install required packages] ***********************************************************************************************
2026-01-01 17:49:16,256 p=1166357 u=mukesh n=ansible INFO| changed: [ec2-3-110-197-121.ap-south-1.compute.amazonaws.com]
2026-01-01 17:49:16,261 p=1166357 u=mukesh n=ansible INFO| TASK [grafana : Stop Grafana service] ****************************************************************************************************
2026-01-01 17:49:17,458 p=1166357 u=mukesh n=ansible INFO| ok: [ec2-3-110-197-121.ap-south-1.compute.amazonaws.com]
2026-01-01 17:49:17,464 p=1166357 u=mukesh n=ansible INFO| TASK [grafana : Create Grafana provisioning and dashboard directories] *******************************************************************
2026-01-01 17:49:18,153 p=1166357 u=mukesh n=ansible INFO| changed: [ec2-3-110-197-121.ap-south-1.compute.amazonaws.com] => (item=/etc/grafana/provisioning/datasources)
2026-01-01 17:49:18,680 p=1166357 u=mukesh n=ansible INFO| changed: [ec2-3-110-197-121.ap-south-1.compute.amazonaws.com] => (item=/etc/grafana/provisioning/dashboards)
2026-01-01 17:49:19,185 p=1166357 u=mukesh n=ansible INFO| changed: [ec2-3-110-197-121.ap-south-1.compute.amazonaws.com] => (item=/var/lib/grafana/dashboards)
2026-01-01 17:49:19,190 p=1166357 u=mukesh n=ansible INFO| TASK [grafana : Copy Prometheus datasource] **********************************************************************************************
2026-01-01 17:49:20,914 p=1166357 u=mukesh n=ansible INFO| changed: [ec2-3-110-197-121.ap-south-1.compute.amazonaws.com]
2026-01-01 17:49:20,923 p=1166357 u=mukesh n=ansible INFO| TASK [grafana : Copy dashboard provider config] ******************************************************************************************
2026-01-01 17:49:22,765 p=1166357 u=mukesh n=ansible INFO| changed: [ec2-3-110-197-121.ap-south-1.compute.amazonaws.com]
2026-01-01 17:49:22,774 p=1166357 u=mukesh n=ansible INFO| TASK [grafana : Deploy Grafana dashboards] ***********************************************************************************************
2026-01-01 17:49:24,806 p=1166357 u=mukesh n=ansible INFO| changed: [ec2-3-110-197-121.ap-south-1.compute.amazonaws.com] => (item=node-exporter.json)
2026-01-01 17:49:26,852 p=1166357 u=mukesh n=ansible INFO| changed: [ec2-3-110-197-121.ap-south-1.compute.amazonaws.com] => (item=prometheus.json)
2026-01-01 17:49:29,314 p=1166357 u=mukesh n=ansible INFO| changed: [ec2-3-110-197-121.ap-south-1.compute.amazonaws.com] => (item=blackbox.json)
2026-01-01 17:49:29,320 p=1166357 u=mukesh n=ansible INFO| TASK [grafana : Set SELinux context for Grafana data] ************************************************************************************
2026-01-01 17:49:29,838 p=1166357 u=mukesh n=ansible ERROR| [ERROR]: Task failed: Module failed: non-zero return code
Origin: /home/mukesh/Ansible-git-push/Assignment5a/roles/grafana/tasks/redhat.yml:82:3

80
81 # SELinux fixes
82 - name: Set SELinux context for Grafana data
     ^ column 3


2026-01-01 17:49:29,839 p=1166357 u=mukesh n=ansible INFO| fatal: [ec2-3-110-197-121.ap-south-1.compute.amazonaws.com]: FAILED! => changed=true 
  cmd:
  - chcon
  - -R
  - -t
  - grafana_var_lib_t
  - /var/lib/grafana
  delta: '0:00:00.004964'
  end: '2026-01-01 12:19:29.837299'
  msg: non-zero return code
  rc: 1
  start: '2026-01-01 12:19:29.832335'
  stderr: |-
    chcon: failed to change context of 'node-exporter.json' to ‘system_u:object_r:grafana_var_lib_t:s0’: Invalid argument
    chcon: failed to change context of 'prometheus.json' to ‘system_u:object_r:grafana_var_lib_t:s0’: Invalid argument
    chcon: failed to change context of 'blackbox.json' to ‘system_u:object_r:grafana_var_lib_t:s0’: Invalid argument
    chcon: failed to change context of 'dashboards' to ‘unconfined_u:object_r:grafana_var_lib_t:s0’: Invalid argument
    chcon: failed to change context of '/var/lib/grafana' to ‘unconfined_u:object_r:grafana_var_lib_t:s0’: Invalid argument
  stderr_lines: <omitted>
  stdout: ''
  stdout_lines: <omitted>
2026-01-01 17:49:29,840 p=1166357 u=mukesh n=ansible INFO| PLAY RECAP *******************************************************************************************************************************
2026-01-01 17:49:29,840 p=1166357 u=mukesh n=ansible INFO| ec2-3-110-197-121.ap-south-1.compute.amazonaws.com : ok=18   changed=9    unreachable=0    failed=1    skipped=1    rescued=0    ignored=0   
2026-01-01 17:49:29,840 p=1166357 u=mukesh n=ansible INFO| ec2-3-111-150-107.ap-south-1.compute.amazonaws.com : ok=13   changed=2    unreachable=0    failed=0    skipped=6    rescued=0    ignored=0   
2026-01-01 17:51:36,877 p=1168252 u=mukesh n=ansible INFO| PLAY [Configure Application Server] ******************************************************************************************************
2026-01-01 17:51:36,894 p=1168252 u=mukesh n=ansible WARNING| [WARNING]: Found variable using reserved name 'tags'.
Origin: <unknown>

tags


2026-01-01 17:51:36,895 p=1168252 u=mukesh n=ansible INFO| TASK [app_server : Load OS specific vars] ************************************************************************************************
2026-01-01 17:51:36,927 p=1168252 u=mukesh n=ansible INFO| ok: [ec2-3-111-150-107.ap-south-1.compute.amazonaws.com]
2026-01-01 17:51:36,932 p=1168252 u=mukesh n=ansible INFO| TASK [app_server : Install packages on Debian/Ubuntu] ************************************************************************************
2026-01-01 17:51:44,390 p=1168252 u=mukesh n=ansible INFO| ok: [ec2-3-111-150-107.ap-south-1.compute.amazonaws.com]
2026-01-01 17:51:44,399 p=1168252 u=mukesh n=ansible INFO| TASK [app_server : Enable extras repo for Maven (Amazon Linux)] **************************************************************************
2026-01-01 17:51:44,413 p=1168252 u=mukesh n=ansible INFO| skipping: [ec2-3-111-150-107.ap-south-1.compute.amazonaws.com]
2026-01-01 17:51:44,421 p=1168252 u=mukesh n=ansible INFO| TASK [app_server : Install packages on RedHat/Amazon Linux] ******************************************************************************
2026-01-01 17:51:44,434 p=1168252 u=mukesh n=ansible INFO| skipping: [ec2-3-111-150-107.ap-south-1.compute.amazonaws.com]
2026-01-01 17:51:44,440 p=1168252 u=mukesh n=ansible INFO| TASK [app_server : Install Maven via EPEL (Amazon Linux)] ********************************************************************************
2026-01-01 17:51:44,455 p=1168252 u=mukesh n=ansible INFO| skipping: [ec2-3-111-150-107.ap-south-1.compute.amazonaws.com]
2026-01-01 17:51:44,459 p=1168252 u=mukesh n=ansible INFO| TASK [app_server : Clone application repo] ***********************************************************************************************
2026-01-01 17:51:46,084 p=1168252 u=mukesh n=ansible INFO| ok: [ec2-3-111-150-107.ap-south-1.compute.amazonaws.com]
2026-01-01 17:51:46,088 p=1168252 u=mukesh n=ansible INFO| TASK [app_server : Build application] ****************************************************************************************************
2026-01-01 17:51:53,041 p=1168252 u=mukesh n=ansible INFO| changed: [ec2-3-111-150-107.ap-south-1.compute.amazonaws.com]
2026-01-01 17:51:53,049 p=1168252 u=mukesh n=ansible INFO| TASK [app_server : Find built JAR file] **************************************************************************************************
2026-01-01 17:51:53,707 p=1168252 u=mukesh n=ansible INFO| ok: [ec2-3-111-150-107.ap-south-1.compute.amazonaws.com]
2026-01-01 17:51:53,714 p=1168252 u=mukesh n=ansible INFO| TASK [app_server : Fail if no JAR was built] *********************************************************************************************
2026-01-01 17:51:53,728 p=1168252 u=mukesh n=ansible INFO| skipping: [ec2-3-111-150-107.ap-south-1.compute.amazonaws.com]
2026-01-01 17:51:53,736 p=1168252 u=mukesh n=ansible INFO| TASK [app_server : Create systemd service] ***********************************************************************************************
2026-01-01 17:51:55,116 p=1168252 u=mukesh n=ansible INFO| ok: [ec2-3-111-150-107.ap-south-1.compute.amazonaws.com]
2026-01-01 17:51:55,125 p=1168252 u=mukesh n=ansible INFO| TASK [app_server : Enable and start app] *************************************************************************************************
2026-01-01 17:51:56,060 p=1168252 u=mukesh n=ansible INFO| ok: [ec2-3-111-150-107.ap-south-1.compute.amazonaws.com]
2026-01-01 17:51:56,069 p=1168252 u=mukesh n=ansible INFO| TASK [node_exporter : Install Node Exporter on RedHat] ***********************************************************************************
2026-01-01 17:51:56,082 p=1168252 u=mukesh n=ansible INFO| skipping: [ec2-3-111-150-107.ap-south-1.compute.amazonaws.com]
2026-01-01 17:51:56,090 p=1168252 u=mukesh n=ansible INFO| TASK [node_exporter : Install Node Exporter on Ubuntu/Debian] ****************************************************************************
2026-01-01 17:51:56,117 p=1168252 u=mukesh n=ansible INFO| included: /home/mukesh/Ansible-git-push/Assignment5a/roles/node_exporter/tasks/ubuntu.yml for ec2-3-111-150-107.ap-south-1.compute.amazonaws.com
2026-01-01 17:51:56,121 p=1168252 u=mukesh n=ansible INFO| TASK [node_exporter : Create node exporter user] *****************************************************************************************
2026-01-01 17:51:56,915 p=1168252 u=mukesh n=ansible INFO| ok: [ec2-3-111-150-107.ap-south-1.compute.amazonaws.com]
2026-01-01 17:51:56,931 p=1168252 u=mukesh n=ansible INFO| TASK [node_exporter : Download Node Exporter archive] ************************************************************************************
2026-01-01 17:51:59,031 p=1168252 u=mukesh n=ansible INFO| ok: [ec2-3-111-150-107.ap-south-1.compute.amazonaws.com]
2026-01-01 17:51:59,045 p=1168252 u=mukesh n=ansible INFO| TASK [node_exporter : Extract Node Exporter binary] **************************************************************************************
2026-01-01 17:51:59,391 p=1168252 u=mukesh n=ansible INFO| skipping: [ec2-3-111-150-107.ap-south-1.compute.amazonaws.com]
2026-01-01 17:51:59,401 p=1168252 u=mukesh n=ansible INFO| TASK [node_exporter : Ensure Node Exporter binary is executable] *************************************************************************
2026-01-01 17:52:00,158 p=1168252 u=mukesh n=ansible INFO| ok: [ec2-3-111-150-107.ap-south-1.compute.amazonaws.com]
2026-01-01 17:52:00,168 p=1168252 u=mukesh n=ansible INFO| TASK [node_exporter : Create systemd service] ********************************************************************************************
2026-01-01 17:52:01,251 p=1168252 u=mukesh n=ansible INFO| ok: [ec2-3-111-150-107.ap-south-1.compute.amazonaws.com]
2026-01-01 17:52:01,262 p=1168252 u=mukesh n=ansible INFO| RUNNING HANDLER [app_server : restart application] ***************************************************************************************
2026-01-01 17:52:02,300 p=1168252 u=mukesh n=ansible INFO| changed: [ec2-3-111-150-107.ap-south-1.compute.amazonaws.com]
2026-01-01 17:52:02,309 p=1168252 u=mukesh n=ansible INFO| PLAY [Configure Monitoring Stack] ********************************************************************************************************
2026-01-01 17:52:02,335 p=1168252 u=mukesh n=ansible INFO| TASK [prometheus : Install Prometheus on RedHat] *****************************************************************************************
2026-01-01 17:52:02,378 p=1168252 u=mukesh n=ansible INFO| included: /home/mukesh/Ansible-git-push/Assignment5a/roles/prometheus/tasks/redhat.yml for ec2-3-110-197-121.ap-south-1.compute.amazonaws.com
2026-01-01 17:52:02,386 p=1168252 u=mukesh n=ansible INFO| TASK [prometheus : Create prometheus user] ***********************************************************************************************
2026-01-01 17:52:14,432 p=1168252 u=mukesh n=ansible ERROR| [ERROR]: Task failed: Timeout (12s) waiting for privilege escalation prompt:
Origin: /home/mukesh/Ansible-git-push/Assignment5a/roles/prometheus/tasks/redhat.yml:2:3

1 ---
2 - name: Create prometheus user
    ^ column 3


2026-01-01 17:52:14,434 p=1168252 u=mukesh n=ansible INFO| fatal: [ec2-3-110-197-121.ap-south-1.compute.amazonaws.com]: UNREACHABLE! => changed=false 
  msg: 'Task failed: Timeout (12s) waiting for privilege escalation prompt:'
  unreachable: true
2026-01-01 17:52:14,435 p=1168252 u=mukesh n=ansible INFO| PLAY RECAP *******************************************************************************************************************************
2026-01-01 17:52:14,435 p=1168252 u=mukesh n=ansible INFO| ec2-3-110-197-121.ap-south-1.compute.amazonaws.com : ok=1    changed=0    unreachable=1    failed=0    skipped=0    rescued=0    ignored=0   
2026-01-01 17:52:14,435 p=1168252 u=mukesh n=ansible INFO| ec2-3-111-150-107.ap-south-1.compute.amazonaws.com : ok=13   changed=2    unreachable=0    failed=0    skipped=6    rescued=0    ignored=0   
2026-01-01 17:52:42,824 p=1168867 u=mukesh n=ansible INFO| PLAY [Configure Application Server] ******************************************************************************************************
2026-01-01 17:52:42,841 p=1168867 u=mukesh n=ansible WARNING| [WARNING]: Found variable using reserved name 'tags'.
Origin: <unknown>

tags


2026-01-01 17:52:42,842 p=1168867 u=mukesh n=ansible INFO| TASK [app_server : Load OS specific vars] ************************************************************************************************
2026-01-01 17:52:42,875 p=1168867 u=mukesh n=ansible INFO| ok: [ec2-3-111-150-107.ap-south-1.compute.amazonaws.com]
2026-01-01 17:52:42,880 p=1168867 u=mukesh n=ansible INFO| TASK [app_server : Install packages on Debian/Ubuntu] ************************************************************************************
2026-01-01 17:52:45,829 p=1168867 u=mukesh n=ansible INFO| ok: [ec2-3-111-150-107.ap-south-1.compute.amazonaws.com]
2026-01-01 17:52:45,843 p=1168867 u=mukesh n=ansible INFO| TASK [app_server : Enable extras repo for Maven (Amazon Linux)] **************************************************************************
2026-01-01 17:52:45,882 p=1168867 u=mukesh n=ansible INFO| skipping: [ec2-3-111-150-107.ap-south-1.compute.amazonaws.com]
2026-01-01 17:52:45,894 p=1168867 u=mukesh n=ansible INFO| TASK [app_server : Install packages on RedHat/Amazon Linux] ******************************************************************************
2026-01-01 17:52:45,912 p=1168867 u=mukesh n=ansible INFO| skipping: [ec2-3-111-150-107.ap-south-1.compute.amazonaws.com]
2026-01-01 17:52:45,916 p=1168867 u=mukesh n=ansible INFO| TASK [app_server : Install Maven via EPEL (Amazon Linux)] ********************************************************************************
2026-01-01 17:52:45,932 p=1168867 u=mukesh n=ansible INFO| skipping: [ec2-3-111-150-107.ap-south-1.compute.amazonaws.com]
2026-01-01 17:52:45,939 p=1168867 u=mukesh n=ansible INFO| TASK [app_server : Clone application repo] ***********************************************************************************************
2026-01-01 17:52:47,550 p=1168867 u=mukesh n=ansible INFO| ok: [ec2-3-111-150-107.ap-south-1.compute.amazonaws.com]
2026-01-01 17:52:47,556 p=1168867 u=mukesh n=ansible INFO| TASK [app_server : Build application] ****************************************************************************************************
2026-01-01 17:52:55,269 p=1168867 u=mukesh n=ansible INFO| changed: [ec2-3-111-150-107.ap-south-1.compute.amazonaws.com]
2026-01-01 17:52:55,281 p=1168867 u=mukesh n=ansible INFO| TASK [app_server : Find built JAR file] **************************************************************************************************
2026-01-01 17:52:55,975 p=1168867 u=mukesh n=ansible INFO| ok: [ec2-3-111-150-107.ap-south-1.compute.amazonaws.com]
2026-01-01 17:52:55,987 p=1168867 u=mukesh n=ansible INFO| TASK [app_server : Fail if no JAR was built] *********************************************************************************************
2026-01-01 17:52:56,006 p=1168867 u=mukesh n=ansible INFO| skipping: [ec2-3-111-150-107.ap-south-1.compute.amazonaws.com]
2026-01-01 17:52:56,011 p=1168867 u=mukesh n=ansible INFO| TASK [app_server : Create systemd service] ***********************************************************************************************
2026-01-01 17:52:58,232 p=1168867 u=mukesh n=ansible INFO| ok: [ec2-3-111-150-107.ap-south-1.compute.amazonaws.com]
2026-01-01 17:52:58,245 p=1168867 u=mukesh n=ansible INFO| TASK [app_server : Enable and start app] *************************************************************************************************
2026-01-01 17:52:59,404 p=1168867 u=mukesh n=ansible INFO| ok: [ec2-3-111-150-107.ap-south-1.compute.amazonaws.com]
2026-01-01 17:52:59,417 p=1168867 u=mukesh n=ansible INFO| TASK [node_exporter : Install Node Exporter on RedHat] ***********************************************************************************
2026-01-01 17:52:59,432 p=1168867 u=mukesh n=ansible INFO| skipping: [ec2-3-111-150-107.ap-south-1.compute.amazonaws.com]
2026-01-01 17:52:59,437 p=1168867 u=mukesh n=ansible INFO| TASK [node_exporter : Install Node Exporter on Ubuntu/Debian] ****************************************************************************
2026-01-01 17:52:59,463 p=1168867 u=mukesh n=ansible INFO| included: /home/mukesh/Ansible-git-push/Assignment5a/roles/node_exporter/tasks/ubuntu.yml for ec2-3-111-150-107.ap-south-1.compute.amazonaws.com
2026-01-01 17:52:59,469 p=1168867 u=mukesh n=ansible INFO| TASK [node_exporter : Create node exporter user] *****************************************************************************************
2026-01-01 17:53:00,370 p=1168867 u=mukesh n=ansible INFO| ok: [ec2-3-111-150-107.ap-south-1.compute.amazonaws.com]
2026-01-01 17:53:00,377 p=1168867 u=mukesh n=ansible INFO| TASK [node_exporter : Download Node Exporter archive] ************************************************************************************
2026-01-01 17:53:01,189 p=1168867 u=mukesh n=ansible INFO| ok: [ec2-3-111-150-107.ap-south-1.compute.amazonaws.com]
2026-01-01 17:53:01,200 p=1168867 u=mukesh n=ansible INFO| TASK [node_exporter : Extract Node Exporter binary] **************************************************************************************
2026-01-01 17:53:01,543 p=1168867 u=mukesh n=ansible INFO| skipping: [ec2-3-111-150-107.ap-south-1.compute.amazonaws.com]
2026-01-01 17:53:01,551 p=1168867 u=mukesh n=ansible INFO| TASK [node_exporter : Ensure Node Exporter binary is executable] *************************************************************************
2026-01-01 17:53:01,977 p=1168867 u=mukesh n=ansible INFO| ok: [ec2-3-111-150-107.ap-south-1.compute.amazonaws.com]
2026-01-01 17:53:01,987 p=1168867 u=mukesh n=ansible INFO| TASK [node_exporter : Create systemd service] ********************************************************************************************
2026-01-01 17:53:03,096 p=1168867 u=mukesh n=ansible INFO| ok: [ec2-3-111-150-107.ap-south-1.compute.amazonaws.com]
2026-01-01 17:53:03,113 p=1168867 u=mukesh n=ansible INFO| RUNNING HANDLER [app_server : restart application] ***************************************************************************************
2026-01-01 17:53:03,969 p=1168867 u=mukesh n=ansible INFO| changed: [ec2-3-111-150-107.ap-south-1.compute.amazonaws.com]
2026-01-01 17:53:03,978 p=1168867 u=mukesh n=ansible INFO| PLAY [Configure Monitoring Stack] ********************************************************************************************************
2026-01-01 17:53:04,000 p=1168867 u=mukesh n=ansible INFO| TASK [prometheus : Install Prometheus on RedHat] *****************************************************************************************
2026-01-01 17:53:04,038 p=1168867 u=mukesh n=ansible INFO| included: /home/mukesh/Ansible-git-push/Assignment5a/roles/prometheus/tasks/redhat.yml for ec2-3-110-197-121.ap-south-1.compute.amazonaws.com
2026-01-01 17:53:04,041 p=1168867 u=mukesh n=ansible INFO| TASK [prometheus : Create prometheus user] ***********************************************************************************************
2026-01-01 17:53:16,081 p=1168867 u=mukesh n=ansible INFO| ok: [ec2-3-110-197-121.ap-south-1.compute.amazonaws.com]
2026-01-01 17:53:16,091 p=1168867 u=mukesh n=ansible INFO| TASK [prometheus : Create directories] ***************************************************************************************************
2026-01-01 17:53:16,571 p=1168867 u=mukesh n=ansible INFO| ok: [ec2-3-110-197-121.ap-south-1.compute.amazonaws.com] => (item=/opt/prometheus)
2026-01-01 17:53:17,069 p=1168867 u=mukesh n=ansible INFO| ok: [ec2-3-110-197-121.ap-south-1.compute.amazonaws.com] => (item=/var/lib/prometheus)
2026-01-01 17:53:17,596 p=1168867 u=mukesh n=ansible INFO| ok: [ec2-3-110-197-121.ap-south-1.compute.amazonaws.com] => (item=/etc/prometheus)
2026-01-01 17:53:17,603 p=1168867 u=mukesh n=ansible INFO| TASK [prometheus : Download Prometheus] **************************************************************************************************
2026-01-01 17:53:18,491 p=1168867 u=mukesh n=ansible INFO| ok: [ec2-3-110-197-121.ap-south-1.compute.amazonaws.com]
2026-01-01 17:53:18,497 p=1168867 u=mukesh n=ansible INFO| TASK [prometheus : Extract Prometheus] ***************************************************************************************************
2026-01-01 17:53:23,913 p=1168867 u=mukesh n=ansible INFO| ok: [ec2-3-110-197-121.ap-south-1.compute.amazonaws.com]
2026-01-01 17:53:23,922 p=1168867 u=mukesh n=ansible INFO| TASK [prometheus : Install binaries] *****************************************************************************************************
2026-01-01 17:53:25,549 p=1168867 u=mukesh n=ansible INFO| ok: [ec2-3-110-197-121.ap-south-1.compute.amazonaws.com] => (item=prometheus)
2026-01-01 17:53:27,045 p=1168867 u=mukesh n=ansible INFO| ok: [ec2-3-110-197-121.ap-south-1.compute.amazonaws.com] => (item=promtool)
2026-01-01 17:53:27,076 p=1168867 u=mukesh n=ansible INFO| TASK [prometheus : Copy console files] ***************************************************************************************************
2026-01-01 17:53:28,642 p=1168867 u=mukesh n=ansible INFO| ok: [ec2-3-110-197-121.ap-south-1.compute.amazonaws.com] => (item=consoles)
2026-01-01 17:53:29,889 p=1168867 u=mukesh n=ansible INFO| ok: [ec2-3-110-197-121.ap-south-1.compute.amazonaws.com] => (item=console_libraries)
2026-01-01 17:53:29,896 p=1168867 u=mukesh n=ansible INFO| TASK [prometheus : Copy Prometheus config] ***********************************************************************************************
2026-01-01 17:53:31,390 p=1168867 u=mukesh n=ansible INFO| ok: [ec2-3-110-197-121.ap-south-1.compute.amazonaws.com]
2026-01-01 17:53:31,403 p=1168867 u=mukesh n=ansible INFO| TASK [prometheus : Create systemd service] ***********************************************************************************************
2026-01-01 17:53:32,726 p=1168867 u=mukesh n=ansible INFO| ok: [ec2-3-110-197-121.ap-south-1.compute.amazonaws.com]
2026-01-01 17:53:32,734 p=1168867 u=mukesh n=ansible INFO| TASK [prometheus : Install Prometheus on Ubuntu/Debian] **********************************************************************************
2026-01-01 17:53:32,748 p=1168867 u=mukesh n=ansible INFO| skipping: [ec2-3-110-197-121.ap-south-1.compute.amazonaws.com]
2026-01-01 17:53:32,756 p=1168867 u=mukesh n=ansible INFO| TASK [grafana : include_tasks] ***********************************************************************************************************
2026-01-01 17:53:32,793 p=1168867 u=mukesh n=ansible INFO| included: /home/mukesh/Ansible-git-push/Assignment5a/roles/grafana/tasks/redhat.yml for ec2-3-110-197-121.ap-south-1.compute.amazonaws.com
2026-01-01 17:53:32,796 p=1168867 u=mukesh n=ansible INFO| TASK [grafana : Add Grafana YUM repository] **********************************************************************************************
2026-01-01 17:53:34,153 p=1168867 u=mukesh n=ansible INFO| ok: [ec2-3-110-197-121.ap-south-1.compute.amazonaws.com]
2026-01-01 17:53:34,161 p=1168867 u=mukesh n=ansible INFO| TASK [grafana : Install Grafana] *********************************************************************************************************
2026-01-01 17:53:36,026 p=1168867 u=mukesh n=ansible INFO| ok: [ec2-3-110-197-121.ap-south-1.compute.amazonaws.com]
2026-01-01 17:53:36,030 p=1168867 u=mukesh n=ansible INFO| TASK [grafana : Install required packages] ***********************************************************************************************
2026-01-01 17:53:37,384 p=1168867 u=mukesh n=ansible INFO| ok: [ec2-3-110-197-121.ap-south-1.compute.amazonaws.com]
2026-01-01 17:53:37,393 p=1168867 u=mukesh n=ansible INFO| TASK [grafana : Stop Grafana service] ****************************************************************************************************
2026-01-01 17:53:38,185 p=1168867 u=mukesh n=ansible INFO| ok: [ec2-3-110-197-121.ap-south-1.compute.amazonaws.com]
2026-01-01 17:53:38,189 p=1168867 u=mukesh n=ansible INFO| TASK [grafana : Create Grafana provisioning and dashboard directories] *******************************************************************
2026-01-01 17:53:38,761 p=1168867 u=mukesh n=ansible INFO| ok: [ec2-3-110-197-121.ap-south-1.compute.amazonaws.com] => (item=/etc/grafana/provisioning/datasources)
2026-01-01 17:53:39,218 p=1168867 u=mukesh n=ansible INFO| ok: [ec2-3-110-197-121.ap-south-1.compute.amazonaws.com] => (item=/etc/grafana/provisioning/dashboards)
2026-01-01 17:53:39,689 p=1168867 u=mukesh n=ansible INFO| ok: [ec2-3-110-197-121.ap-south-1.compute.amazonaws.com] => (item=/var/lib/grafana/dashboards)
2026-01-01 17:53:39,698 p=1168867 u=mukesh n=ansible INFO| TASK [grafana : Copy Prometheus datasource] **********************************************************************************************
2026-01-01 17:53:40,999 p=1168867 u=mukesh n=ansible INFO| ok: [ec2-3-110-197-121.ap-south-1.compute.amazonaws.com]
2026-01-01 17:53:41,003 p=1168867 u=mukesh n=ansible INFO| TASK [grafana : Copy dashboard provider config] ******************************************************************************************
2026-01-01 17:53:42,859 p=1168867 u=mukesh n=ansible INFO| ok: [ec2-3-110-197-121.ap-south-1.compute.amazonaws.com]
2026-01-01 17:53:42,869 p=1168867 u=mukesh n=ansible INFO| TASK [grafana : Deploy Grafana dashboards] ***********************************************************************************************
2026-01-01 17:53:44,604 p=1168867 u=mukesh n=ansible INFO| ok: [ec2-3-110-197-121.ap-south-1.compute.amazonaws.com] => (item=node-exporter.json)
2026-01-01 17:53:45,915 p=1168867 u=mukesh n=ansible INFO| ok: [ec2-3-110-197-121.ap-south-1.compute.amazonaws.com] => (item=prometheus.json)
2026-01-01 17:53:47,175 p=1168867 u=mukesh n=ansible INFO| ok: [ec2-3-110-197-121.ap-south-1.compute.amazonaws.com] => (item=blackbox.json)
2026-01-01 17:53:47,185 p=1168867 u=mukesh n=ansible INFO| TASK [grafana : Set SELinux context for Grafana data] ************************************************************************************
2026-01-01 17:53:47,679 p=1168867 u=mukesh n=ansible ERROR| [ERROR]: Task failed: Module failed: non-zero return code
Origin: /home/mukesh/Ansible-git-push/Assignment5a/roles/grafana/tasks/redhat.yml:82:3

80
81 # SELinux fixes
82 - name: Set SELinux context for Grafana data
     ^ column 3


2026-01-01 17:53:47,681 p=1168867 u=mukesh n=ansible INFO| fatal: [ec2-3-110-197-121.ap-south-1.compute.amazonaws.com]: FAILED! => changed=true 
  cmd:
  - chcon
  - -R
  - -t
  - grafana_var_lib_t
  - /var/lib/grafana
  delta: '0:00:00.005264'
  end: '2026-01-01 12:23:47.662304'
  msg: non-zero return code
  rc: 1
  start: '2026-01-01 12:23:47.657040'
  stderr: |-
    chcon: failed to change context of 'node-exporter.json' to ‘system_u:object_r:grafana_var_lib_t:s0’: Invalid argument
    chcon: failed to change context of 'prometheus.json' to ‘system_u:object_r:grafana_var_lib_t:s0’: Invalid argument
    chcon: failed to change context of 'blackbox.json' to ‘system_u:object_r:grafana_var_lib_t:s0’: Invalid argument
    chcon: failed to change context of 'dashboards' to ‘unconfined_u:object_r:grafana_var_lib_t:s0’: Invalid argument
    chcon: failed to change context of '/var/lib/grafana' to ‘unconfined_u:object_r:grafana_var_lib_t:s0’: Invalid argument
  stderr_lines: <omitted>
  stdout: ''
  stdout_lines: <omitted>
2026-01-01 17:53:47,681 p=1168867 u=mukesh n=ansible INFO| ...ignoring
2026-01-01 17:53:47,686 p=1168867 u=mukesh n=ansible INFO| TASK [grafana : Allow Prometheus port 9090 in SELinux] ***********************************************************************************
2026-01-01 17:53:49,731 p=1168867 u=mukesh n=ansible INFO| changed: [ec2-3-110-197-121.ap-south-1.compute.amazonaws.com]
2026-01-01 17:53:49,742 p=1168867 u=mukesh n=ansible INFO| TASK [grafana : Allow Blackbox exporter port 9115 in SELinux] ****************************************************************************
2026-01-01 17:53:51,289 p=1168867 u=mukesh n=ansible INFO| changed: [ec2-3-110-197-121.ap-south-1.compute.amazonaws.com]
2026-01-01 17:53:51,293 p=1168867 u=mukesh n=ansible INFO| TASK [grafana : Allow Grafana outbound network access] ***********************************************************************************
2026-01-01 17:53:52,796 p=1168867 u=mukesh n=ansible INFO| changed: [ec2-3-110-197-121.ap-south-1.compute.amazonaws.com]
2026-01-01 17:53:52,806 p=1168867 u=mukesh n=ansible INFO| TASK [grafana : Open Prometheus port in firewall] ****************************************************************************************
2026-01-01 17:53:53,718 p=1168867 u=mukesh n=ansible ERROR| [ERROR]: Task failed: Module failed: Failed to import the required Python library (firewall) on ip-172-31-35-255.ap-south-1.compute.internal's Python /usr/bin/python3. Please read the module documentation and install it in the appropriate location. If the required library is installed, but Ansible is using the wrong Python interpreter, please consult the documentation on ansible_python_interpreter. Version 0.2.11 or newer required (0.3.9 or newer for offline operations)
Origin: /home/mukesh/Ansible-git-push/Assignment5a/roles/grafana/tasks/redhat.yml:114:3

112
113 # Firewall
114 - name: Open Prometheus port in firewall
      ^ column 3


2026-01-01 17:53:53,719 p=1168867 u=mukesh n=ansible INFO| fatal: [ec2-3-110-197-121.ap-south-1.compute.amazonaws.com]: FAILED! => changed=false 
  msg: Failed to import the required Python library (firewall) on ip-172-31-35-255.ap-south-1.compute.internal's Python /usr/bin/python3. Please read the module documentation and install it in the appropriate location. If the required library is installed, but Ansible is using the wrong Python interpreter, please consult the documentation on ansible_python_interpreter. Version 0.2.11 or newer required (0.3.9 or newer for offline operations)
2026-01-01 17:53:53,721 p=1168867 u=mukesh n=ansible INFO| PLAY RECAP *******************************************************************************************************************************
2026-01-01 17:53:53,721 p=1168867 u=mukesh n=ansible INFO| ec2-3-110-197-121.ap-south-1.compute.amazonaws.com : ok=22   changed=4    unreachable=0    failed=1    skipped=1    rescued=0    ignored=1   
2026-01-01 17:53:53,722 p=1168867 u=mukesh n=ansible INFO| ec2-3-111-150-107.ap-south-1.compute.amazonaws.com : ok=13   changed=2    unreachable=0    failed=0    skipped=6    rescued=0    ignored=0   
2026-01-01 17:59:43,401 p=1171713 u=mukesh n=ansible INFO| PLAY [Configure Application Server] ******************************************************************************************************
2026-01-01 17:59:43,418 p=1171713 u=mukesh n=ansible WARNING| [WARNING]: Found variable using reserved name 'tags'.
Origin: <unknown>

tags


2026-01-01 17:59:43,420 p=1171713 u=mukesh n=ansible INFO| TASK [app_server : Load OS specific vars] ************************************************************************************************
2026-01-01 17:59:43,447 p=1171713 u=mukesh n=ansible INFO| ok: [ec2-3-111-150-107.ap-south-1.compute.amazonaws.com]
2026-01-01 17:59:43,452 p=1171713 u=mukesh n=ansible INFO| TASK [app_server : Install packages on Debian/Ubuntu] ************************************************************************************
2026-01-01 17:59:51,425 p=1171713 u=mukesh n=ansible INFO| ok: [ec2-3-111-150-107.ap-south-1.compute.amazonaws.com]
2026-01-01 17:59:51,439 p=1171713 u=mukesh n=ansible INFO| TASK [app_server : Enable extras repo for Maven (Amazon Linux)] **************************************************************************
2026-01-01 17:59:51,476 p=1171713 u=mukesh n=ansible INFO| skipping: [ec2-3-111-150-107.ap-south-1.compute.amazonaws.com]
2026-01-01 17:59:51,486 p=1171713 u=mukesh n=ansible INFO| TASK [app_server : Install packages on RedHat/Amazon Linux] ******************************************************************************
2026-01-01 17:59:51,499 p=1171713 u=mukesh n=ansible INFO| skipping: [ec2-3-111-150-107.ap-south-1.compute.amazonaws.com]
2026-01-01 17:59:51,506 p=1171713 u=mukesh n=ansible INFO| TASK [app_server : Install Maven via EPEL (Amazon Linux)] ********************************************************************************
2026-01-01 17:59:51,520 p=1171713 u=mukesh n=ansible INFO| skipping: [ec2-3-111-150-107.ap-south-1.compute.amazonaws.com]
2026-01-01 17:59:51,525 p=1171713 u=mukesh n=ansible INFO| TASK [app_server : Clone application repo] ***********************************************************************************************
2026-01-01 17:59:53,342 p=1171713 u=mukesh n=ansible INFO| ok: [ec2-3-111-150-107.ap-south-1.compute.amazonaws.com]
2026-01-01 17:59:53,348 p=1171713 u=mukesh n=ansible INFO| TASK [app_server : Build application] ****************************************************************************************************
2026-01-01 18:00:00,855 p=1171713 u=mukesh n=ansible INFO| changed: [ec2-3-111-150-107.ap-south-1.compute.amazonaws.com]
2026-01-01 18:00:00,863 p=1171713 u=mukesh n=ansible INFO| TASK [app_server : Find built JAR file] **************************************************************************************************
2026-01-01 18:00:01,586 p=1171713 u=mukesh n=ansible INFO| ok: [ec2-3-111-150-107.ap-south-1.compute.amazonaws.com]
2026-01-01 18:00:01,593 p=1171713 u=mukesh n=ansible INFO| TASK [app_server : Fail if no JAR was built] *********************************************************************************************
2026-01-01 18:00:01,608 p=1171713 u=mukesh n=ansible INFO| skipping: [ec2-3-111-150-107.ap-south-1.compute.amazonaws.com]
2026-01-01 18:00:01,615 p=1171713 u=mukesh n=ansible INFO| TASK [app_server : Create systemd service] ***********************************************************************************************
2026-01-01 18:00:03,032 p=1171713 u=mukesh n=ansible INFO| ok: [ec2-3-111-150-107.ap-south-1.compute.amazonaws.com]
2026-01-01 18:00:03,038 p=1171713 u=mukesh n=ansible INFO| TASK [app_server : Enable and start app] *************************************************************************************************
2026-01-01 18:00:04,048 p=1171713 u=mukesh n=ansible INFO| ok: [ec2-3-111-150-107.ap-south-1.compute.amazonaws.com]
2026-01-01 18:00:04,076 p=1171713 u=mukesh n=ansible INFO| TASK [node_exporter : Install Node Exporter on RedHat] ***********************************************************************************
2026-01-01 18:00:04,095 p=1171713 u=mukesh n=ansible INFO| skipping: [ec2-3-111-150-107.ap-south-1.compute.amazonaws.com]
2026-01-01 18:00:04,100 p=1171713 u=mukesh n=ansible INFO| TASK [node_exporter : Install Node Exporter on Ubuntu/Debian] ****************************************************************************
2026-01-01 18:00:04,127 p=1171713 u=mukesh n=ansible INFO| included: /home/mukesh/Ansible-git-push/Assignment5a/roles/node_exporter/tasks/ubuntu.yml for ec2-3-111-150-107.ap-south-1.compute.amazonaws.com
2026-01-01 18:00:04,130 p=1171713 u=mukesh n=ansible INFO| TASK [node_exporter : Create node exporter user] *****************************************************************************************
2026-01-01 18:00:04,909 p=1171713 u=mukesh n=ansible INFO| ok: [ec2-3-111-150-107.ap-south-1.compute.amazonaws.com]
2026-01-01 18:00:04,918 p=1171713 u=mukesh n=ansible INFO| TASK [node_exporter : Download Node Exporter archive] ************************************************************************************
2026-01-01 18:00:05,950 p=1171713 u=mukesh n=ansible INFO| ok: [ec2-3-111-150-107.ap-south-1.compute.amazonaws.com]
2026-01-01 18:00:05,961 p=1171713 u=mukesh n=ansible INFO| TASK [node_exporter : Extract Node Exporter binary] **************************************************************************************
2026-01-01 18:00:06,304 p=1171713 u=mukesh n=ansible INFO| skipping: [ec2-3-111-150-107.ap-south-1.compute.amazonaws.com]
2026-01-01 18:00:06,316 p=1171713 u=mukesh n=ansible INFO| TASK [node_exporter : Ensure Node Exporter binary is executable] *************************************************************************
2026-01-01 18:00:06,760 p=1171713 u=mukesh n=ansible INFO| ok: [ec2-3-111-150-107.ap-south-1.compute.amazonaws.com]
2026-01-01 18:00:06,779 p=1171713 u=mukesh n=ansible INFO| TASK [node_exporter : Create systemd service] ********************************************************************************************
2026-01-01 18:00:07,850 p=1171713 u=mukesh n=ansible INFO| ok: [ec2-3-111-150-107.ap-south-1.compute.amazonaws.com]
2026-01-01 18:00:07,868 p=1171713 u=mukesh n=ansible INFO| RUNNING HANDLER [app_server : restart application] ***************************************************************************************
2026-01-01 18:00:08,709 p=1171713 u=mukesh n=ansible INFO| changed: [ec2-3-111-150-107.ap-south-1.compute.amazonaws.com]
2026-01-01 18:00:08,713 p=1171713 u=mukesh n=ansible INFO| PLAY [Configure Monitoring Stack] ********************************************************************************************************
2026-01-01 18:00:08,721 p=1171713 u=mukesh n=ansible INFO| TASK [prometheus : Install Prometheus on RedHat] *****************************************************************************************
2026-01-01 18:00:08,754 p=1171713 u=mukesh n=ansible INFO| included: /home/mukesh/Ansible-git-push/Assignment5a/roles/prometheus/tasks/redhat.yml for ec2-3-110-197-121.ap-south-1.compute.amazonaws.com
2026-01-01 18:00:08,757 p=1171713 u=mukesh n=ansible INFO| TASK [prometheus : Create prometheus user] ***********************************************************************************************
2026-01-01 18:00:20,807 p=1171713 u=mukesh n=ansible ERROR| [ERROR]: Task failed: Timeout (12s) waiting for privilege escalation prompt:
Origin: /home/mukesh/Ansible-git-push/Assignment5a/roles/prometheus/tasks/redhat.yml:2:3

1 ---
2 - name: Create prometheus user
    ^ column 3


2026-01-01 18:00:20,808 p=1171713 u=mukesh n=ansible INFO| fatal: [ec2-3-110-197-121.ap-south-1.compute.amazonaws.com]: UNREACHABLE! => changed=false 
  msg: 'Task failed: Timeout (12s) waiting for privilege escalation prompt:'
  unreachable: true
2026-01-01 18:00:20,809 p=1171713 u=mukesh n=ansible INFO| PLAY RECAP *******************************************************************************************************************************
2026-01-01 18:00:20,809 p=1171713 u=mukesh n=ansible INFO| ec2-3-110-197-121.ap-south-1.compute.amazonaws.com : ok=1    changed=0    unreachable=1    failed=0    skipped=0    rescued=0    ignored=0   
2026-01-01 18:00:20,809 p=1171713 u=mukesh n=ansible INFO| ec2-3-111-150-107.ap-south-1.compute.amazonaws.com : ok=13   changed=2    unreachable=0    failed=0    skipped=6    rescued=0    ignored=0   
2026-01-01 18:09:23,279 p=1175464 u=mukesh n=ansible INFO| PLAY [Configure Application Server] ******************************************************************************************************
2026-01-01 18:09:23,293 p=1175464 u=mukesh n=ansible WARNING| [WARNING]: Found variable using reserved name 'tags'.
Origin: <unknown>

tags


2026-01-01 18:09:23,295 p=1175464 u=mukesh n=ansible INFO| TASK [app_server : Load OS specific vars] ************************************************************************************************
2026-01-01 18:09:23,324 p=1175464 u=mukesh n=ansible INFO| ok: [ec2-3-111-150-107.ap-south-1.compute.amazonaws.com]
2026-01-01 18:09:23,329 p=1175464 u=mukesh n=ansible INFO| TASK [app_server : Install packages on Debian/Ubuntu] ************************************************************************************
2026-01-01 18:09:30,675 p=1175464 u=mukesh n=ansible INFO| ok: [ec2-3-111-150-107.ap-south-1.compute.amazonaws.com]
2026-01-01 18:09:30,685 p=1175464 u=mukesh n=ansible INFO| TASK [app_server : Enable extras repo for Maven (Amazon Linux)] **************************************************************************
2026-01-01 18:09:30,700 p=1175464 u=mukesh n=ansible INFO| skipping: [ec2-3-111-150-107.ap-south-1.compute.amazonaws.com]
2026-01-01 18:09:30,705 p=1175464 u=mukesh n=ansible INFO| TASK [app_server : Install packages on RedHat/Amazon Linux] ******************************************************************************
2026-01-01 18:09:30,721 p=1175464 u=mukesh n=ansible INFO| skipping: [ec2-3-111-150-107.ap-south-1.compute.amazonaws.com]
2026-01-01 18:09:30,727 p=1175464 u=mukesh n=ansible INFO| TASK [app_server : Install Maven via EPEL (Amazon Linux)] ********************************************************************************
2026-01-01 18:09:30,741 p=1175464 u=mukesh n=ansible INFO| skipping: [ec2-3-111-150-107.ap-south-1.compute.amazonaws.com]
2026-01-01 18:09:30,745 p=1175464 u=mukesh n=ansible INFO| TASK [app_server : Clone application repo] ***********************************************************************************************
2026-01-01 18:09:32,347 p=1175464 u=mukesh n=ansible INFO| ok: [ec2-3-111-150-107.ap-south-1.compute.amazonaws.com]
2026-01-01 18:09:32,357 p=1175464 u=mukesh n=ansible INFO| TASK [app_server : Build application] ****************************************************************************************************
2026-01-01 18:09:38,872 p=1175464 u=mukesh n=ansible INFO| changed: [ec2-3-111-150-107.ap-south-1.compute.amazonaws.com]
2026-01-01 18:09:38,887 p=1175464 u=mukesh n=ansible INFO| TASK [app_server : Find built JAR file] **************************************************************************************************
2026-01-01 18:09:39,589 p=1175464 u=mukesh n=ansible INFO| ok: [ec2-3-111-150-107.ap-south-1.compute.amazonaws.com]
2026-01-01 18:09:39,602 p=1175464 u=mukesh n=ansible INFO| TASK [app_server : Fail if no JAR was built] *********************************************************************************************
2026-01-01 18:09:39,630 p=1175464 u=mukesh n=ansible INFO| skipping: [ec2-3-111-150-107.ap-south-1.compute.amazonaws.com]
2026-01-01 18:09:39,646 p=1175464 u=mukesh n=ansible INFO| TASK [app_server : Create systemd service] ***********************************************************************************************
2026-01-01 18:09:41,048 p=1175464 u=mukesh n=ansible INFO| ok: [ec2-3-111-150-107.ap-south-1.compute.amazonaws.com]
2026-01-01 18:09:41,056 p=1175464 u=mukesh n=ansible INFO| TASK [app_server : Enable and start app] *************************************************************************************************
2026-01-01 18:09:41,990 p=1175464 u=mukesh n=ansible INFO| ok: [ec2-3-111-150-107.ap-south-1.compute.amazonaws.com]
2026-01-01 18:09:42,003 p=1175464 u=mukesh n=ansible INFO| TASK [node_exporter : Install Node Exporter on RedHat] ***********************************************************************************
2026-01-01 18:09:42,016 p=1175464 u=mukesh n=ansible INFO| skipping: [ec2-3-111-150-107.ap-south-1.compute.amazonaws.com]
2026-01-01 18:09:42,021 p=1175464 u=mukesh n=ansible INFO| TASK [node_exporter : Install Node Exporter on Ubuntu/Debian] ****************************************************************************
2026-01-01 18:09:42,043 p=1175464 u=mukesh n=ansible INFO| included: /home/mukesh/Ansible-git-push/Assignment5a/roles/node_exporter/tasks/ubuntu.yml for ec2-3-111-150-107.ap-south-1.compute.amazonaws.com
2026-01-01 18:09:42,047 p=1175464 u=mukesh n=ansible INFO| TASK [node_exporter : Create node exporter user] *****************************************************************************************
2026-01-01 18:09:43,141 p=1175464 u=mukesh n=ansible INFO| ok: [ec2-3-111-150-107.ap-south-1.compute.amazonaws.com]
2026-01-01 18:09:43,163 p=1175464 u=mukesh n=ansible INFO| TASK [node_exporter : Download Node Exporter archive] ************************************************************************************
2026-01-01 18:09:44,558 p=1175464 u=mukesh n=ansible INFO| ok: [ec2-3-111-150-107.ap-south-1.compute.amazonaws.com]
2026-01-01 18:09:44,570 p=1175464 u=mukesh n=ansible INFO| TASK [node_exporter : Extract Node Exporter binary] **************************************************************************************
2026-01-01 18:09:45,159 p=1175464 u=mukesh n=ansible INFO| skipping: [ec2-3-111-150-107.ap-south-1.compute.amazonaws.com]
2026-01-01 18:09:45,170 p=1175464 u=mukesh n=ansible INFO| TASK [node_exporter : Ensure Node Exporter binary is executable] *************************************************************************
2026-01-01 18:09:45,582 p=1175464 u=mukesh n=ansible INFO| ok: [ec2-3-111-150-107.ap-south-1.compute.amazonaws.com]
2026-01-01 18:09:45,591 p=1175464 u=mukesh n=ansible INFO| TASK [node_exporter : Create systemd service] ********************************************************************************************
2026-01-01 18:09:46,847 p=1175464 u=mukesh n=ansible INFO| ok: [ec2-3-111-150-107.ap-south-1.compute.amazonaws.com]
2026-01-01 18:09:46,868 p=1175464 u=mukesh n=ansible INFO| RUNNING HANDLER [app_server : restart application] ***************************************************************************************
2026-01-01 18:09:48,195 p=1175464 u=mukesh n=ansible INFO| changed: [ec2-3-111-150-107.ap-south-1.compute.amazonaws.com]
2026-01-01 18:09:48,199 p=1175464 u=mukesh n=ansible INFO| PLAY [Configure Monitoring Stack] ********************************************************************************************************
2026-01-01 18:09:48,212 p=1175464 u=mukesh n=ansible INFO| TASK [prometheus : Install Prometheus on RedHat] *****************************************************************************************
2026-01-01 18:09:48,242 p=1175464 u=mukesh n=ansible INFO| included: /home/mukesh/Ansible-git-push/Assignment5a/roles/prometheus/tasks/redhat.yml for ec2-3-110-197-121.ap-south-1.compute.amazonaws.com
2026-01-01 18:09:48,245 p=1175464 u=mukesh n=ansible INFO| TASK [prometheus : Create prometheus user] ***********************************************************************************************
2026-01-01 18:10:00,283 p=1175464 u=mukesh n=ansible ERROR| [ERROR]: Task failed: Timeout (12s) waiting for privilege escalation prompt:
Origin: /home/mukesh/Ansible-git-push/Assignment5a/roles/prometheus/tasks/redhat.yml:2:3

1 ---
2 - name: Create prometheus user
    ^ column 3


2026-01-01 18:10:00,284 p=1175464 u=mukesh n=ansible INFO| fatal: [ec2-3-110-197-121.ap-south-1.compute.amazonaws.com]: UNREACHABLE! => changed=false 
  msg: 'Task failed: Timeout (12s) waiting for privilege escalation prompt:'
  unreachable: true
2026-01-01 18:10:00,285 p=1175464 u=mukesh n=ansible INFO| PLAY RECAP *******************************************************************************************************************************
2026-01-01 18:10:00,286 p=1175464 u=mukesh n=ansible INFO| ec2-3-110-197-121.ap-south-1.compute.amazonaws.com : ok=1    changed=0    unreachable=1    failed=0    skipped=0    rescued=0    ignored=0   
2026-01-01 18:10:00,286 p=1175464 u=mukesh n=ansible INFO| ec2-3-111-150-107.ap-south-1.compute.amazonaws.com : ok=13   changed=2    unreachable=0    failed=0    skipped=6    rescued=0    ignored=0   
2026-01-01 18:15:14,596 p=1177717 u=mukesh n=ansible INFO| PLAY [Configure Application Server] ******************************************************************************************************
2026-01-01 18:15:14,610 p=1177717 u=mukesh n=ansible WARNING| [WARNING]: Found variable using reserved name 'tags'.
Origin: <unknown>

tags


2026-01-01 18:15:14,611 p=1177717 u=mukesh n=ansible INFO| TASK [app_server : Load OS specific vars] ************************************************************************************************
2026-01-01 18:15:14,643 p=1177717 u=mukesh n=ansible INFO| ok: [ec2-3-111-150-107.ap-south-1.compute.amazonaws.com]
2026-01-01 18:15:14,648 p=1177717 u=mukesh n=ansible INFO| TASK [app_server : Install packages on Debian/Ubuntu] ************************************************************************************
2026-01-01 18:15:21,918 p=1177717 u=mukesh n=ansible INFO| ok: [ec2-3-111-150-107.ap-south-1.compute.amazonaws.com]
2026-01-01 18:15:21,928 p=1177717 u=mukesh n=ansible INFO| TASK [app_server : Enable extras repo for Maven (Amazon Linux)] **************************************************************************
2026-01-01 18:15:21,944 p=1177717 u=mukesh n=ansible INFO| skipping: [ec2-3-111-150-107.ap-south-1.compute.amazonaws.com]
2026-01-01 18:15:21,950 p=1177717 u=mukesh n=ansible INFO| TASK [app_server : Install packages on RedHat/Amazon Linux] ******************************************************************************
2026-01-01 18:15:21,964 p=1177717 u=mukesh n=ansible INFO| skipping: [ec2-3-111-150-107.ap-south-1.compute.amazonaws.com]
2026-01-01 18:15:21,969 p=1177717 u=mukesh n=ansible INFO| TASK [app_server : Install Maven via EPEL (Amazon Linux)] ********************************************************************************
2026-01-01 18:15:21,983 p=1177717 u=mukesh n=ansible INFO| skipping: [ec2-3-111-150-107.ap-south-1.compute.amazonaws.com]
2026-01-01 18:15:21,989 p=1177717 u=mukesh n=ansible INFO| TASK [app_server : Clone application repo] ***********************************************************************************************
2026-01-01 18:15:23,755 p=1177717 u=mukesh n=ansible INFO| ok: [ec2-3-111-150-107.ap-south-1.compute.amazonaws.com]
2026-01-01 18:15:23,763 p=1177717 u=mukesh n=ansible INFO| TASK [app_server : Build application] ****************************************************************************************************
2026-01-01 18:15:30,517 p=1177717 u=mukesh n=ansible INFO| changed: [ec2-3-111-150-107.ap-south-1.compute.amazonaws.com]
2026-01-01 18:15:30,530 p=1177717 u=mukesh n=ansible INFO| TASK [app_server : Find built JAR file] **************************************************************************************************
2026-01-01 18:15:31,234 p=1177717 u=mukesh n=ansible INFO| ok: [ec2-3-111-150-107.ap-south-1.compute.amazonaws.com]
2026-01-01 18:15:31,242 p=1177717 u=mukesh n=ansible INFO| TASK [app_server : Fail if no JAR was built] *********************************************************************************************
2026-01-01 18:15:31,257 p=1177717 u=mukesh n=ansible INFO| skipping: [ec2-3-111-150-107.ap-south-1.compute.amazonaws.com]
2026-01-01 18:15:31,263 p=1177717 u=mukesh n=ansible INFO| TASK [app_server : Create systemd service] ***********************************************************************************************
2026-01-01 18:15:32,871 p=1177717 u=mukesh n=ansible INFO| ok: [ec2-3-111-150-107.ap-south-1.compute.amazonaws.com]
2026-01-01 18:15:32,882 p=1177717 u=mukesh n=ansible INFO| TASK [app_server : Enable and start app] *************************************************************************************************
2026-01-01 18:15:33,792 p=1177717 u=mukesh n=ansible INFO| ok: [ec2-3-111-150-107.ap-south-1.compute.amazonaws.com]
2026-01-01 18:15:33,805 p=1177717 u=mukesh n=ansible INFO| TASK [node_exporter : Install Node Exporter on RedHat] ***********************************************************************************
2026-01-01 18:15:33,819 p=1177717 u=mukesh n=ansible INFO| skipping: [ec2-3-111-150-107.ap-south-1.compute.amazonaws.com]
2026-01-01 18:15:33,825 p=1177717 u=mukesh n=ansible INFO| TASK [node_exporter : Install Node Exporter on Ubuntu/Debian] ****************************************************************************
2026-01-01 18:15:33,854 p=1177717 u=mukesh n=ansible INFO| included: /home/mukesh/Ansible-git-push/Assignment5a/roles/node_exporter/tasks/ubuntu.yml for ec2-3-111-150-107.ap-south-1.compute.amazonaws.com
2026-01-01 18:15:33,858 p=1177717 u=mukesh n=ansible INFO| TASK [node_exporter : Create node exporter user] *****************************************************************************************
2026-01-01 18:15:34,718 p=1177717 u=mukesh n=ansible INFO| ok: [ec2-3-111-150-107.ap-south-1.compute.amazonaws.com]
2026-01-01 18:15:34,731 p=1177717 u=mukesh n=ansible INFO| TASK [node_exporter : Download Node Exporter archive] ************************************************************************************
2026-01-01 18:15:35,853 p=1177717 u=mukesh n=ansible INFO| ok: [ec2-3-111-150-107.ap-south-1.compute.amazonaws.com]
2026-01-01 18:15:35,859 p=1177717 u=mukesh n=ansible INFO| TASK [node_exporter : Extract Node Exporter binary] **************************************************************************************
2026-01-01 18:15:36,199 p=1177717 u=mukesh n=ansible INFO| skipping: [ec2-3-111-150-107.ap-south-1.compute.amazonaws.com]
2026-01-01 18:15:36,207 p=1177717 u=mukesh n=ansible INFO| TASK [node_exporter : Ensure Node Exporter binary is executable] *************************************************************************
2026-01-01 18:15:36,631 p=1177717 u=mukesh n=ansible INFO| ok: [ec2-3-111-150-107.ap-south-1.compute.amazonaws.com]
2026-01-01 18:15:36,638 p=1177717 u=mukesh n=ansible INFO| TASK [node_exporter : Create systemd service] ********************************************************************************************
2026-01-01 18:15:37,771 p=1177717 u=mukesh n=ansible INFO| ok: [ec2-3-111-150-107.ap-south-1.compute.amazonaws.com]
2026-01-01 18:15:37,784 p=1177717 u=mukesh n=ansible INFO| RUNNING HANDLER [app_server : restart application] ***************************************************************************************
2026-01-01 18:15:38,605 p=1177717 u=mukesh n=ansible INFO| changed: [ec2-3-111-150-107.ap-south-1.compute.amazonaws.com]
2026-01-01 18:15:38,609 p=1177717 u=mukesh n=ansible INFO| PLAY [Configure Monitoring Stack] ********************************************************************************************************
2026-01-01 18:15:38,618 p=1177717 u=mukesh n=ansible INFO| TASK [prometheus : Install Prometheus on RedHat] *****************************************************************************************
2026-01-01 18:15:38,649 p=1177717 u=mukesh n=ansible INFO| included: /home/mukesh/Ansible-git-push/Assignment5a/roles/prometheus/tasks/redhat.yml for ec2-3-110-197-121.ap-south-1.compute.amazonaws.com
2026-01-01 18:15:38,652 p=1177717 u=mukesh n=ansible INFO| TASK [prometheus : Create prometheus user] ***********************************************************************************************
2026-01-01 18:15:51,101 p=1177717 u=mukesh n=ansible INFO| ok: [ec2-3-110-197-121.ap-south-1.compute.amazonaws.com]
2026-01-01 18:15:51,109 p=1177717 u=mukesh n=ansible INFO| TASK [prometheus : Create directories] ***************************************************************************************************
2026-01-01 18:15:51,822 p=1177717 u=mukesh n=ansible INFO| ok: [ec2-3-110-197-121.ap-south-1.compute.amazonaws.com] => (item=/opt/prometheus)
2026-01-01 18:15:52,328 p=1177717 u=mukesh n=ansible INFO| ok: [ec2-3-110-197-121.ap-south-1.compute.amazonaws.com] => (item=/var/lib/prometheus)
2026-01-01 18:15:52,882 p=1177717 u=mukesh n=ansible INFO| ok: [ec2-3-110-197-121.ap-south-1.compute.amazonaws.com] => (item=/etc/prometheus)
2026-01-01 18:15:52,896 p=1177717 u=mukesh n=ansible INFO| TASK [prometheus : Download Prometheus] **************************************************************************************************
2026-01-01 18:15:53,772 p=1177717 u=mukesh n=ansible INFO| ok: [ec2-3-110-197-121.ap-south-1.compute.amazonaws.com]
2026-01-01 18:15:53,784 p=1177717 u=mukesh n=ansible INFO| TASK [prometheus : Extract Prometheus] ***************************************************************************************************
2026-01-01 18:15:59,407 p=1177717 u=mukesh n=ansible INFO| ok: [ec2-3-110-197-121.ap-south-1.compute.amazonaws.com]
2026-01-01 18:15:59,418 p=1177717 u=mukesh n=ansible INFO| TASK [prometheus : Install binaries] *****************************************************************************************************
2026-01-01 18:16:01,232 p=1177717 u=mukesh n=ansible INFO| ok: [ec2-3-110-197-121.ap-south-1.compute.amazonaws.com] => (item=prometheus)
2026-01-01 18:16:02,875 p=1177717 u=mukesh n=ansible INFO| ok: [ec2-3-110-197-121.ap-south-1.compute.amazonaws.com] => (item=promtool)
2026-01-01 18:16:02,885 p=1177717 u=mukesh n=ansible INFO| TASK [prometheus : Copy console files] ***************************************************************************************************
2026-01-01 18:16:03,731 p=1177717 u=mukesh n=ansible INFO| ok: [ec2-3-110-197-121.ap-south-1.compute.amazonaws.com] => (item=consoles)
2026-01-01 18:16:04,616 p=1177717 u=mukesh n=ansible INFO| ok: [ec2-3-110-197-121.ap-south-1.compute.amazonaws.com] => (item=console_libraries)
2026-01-01 18:16:04,627 p=1177717 u=mukesh n=ansible INFO| TASK [prometheus : Copy Prometheus config] ***********************************************************************************************
2026-01-01 18:16:05,934 p=1177717 u=mukesh n=ansible INFO| ok: [ec2-3-110-197-121.ap-south-1.compute.amazonaws.com]
2026-01-01 18:16:05,938 p=1177717 u=mukesh n=ansible INFO| TASK [prometheus : Create systemd service] ***********************************************************************************************
2026-01-01 18:16:07,299 p=1177717 u=mukesh n=ansible INFO| ok: [ec2-3-110-197-121.ap-south-1.compute.amazonaws.com]
2026-01-01 18:16:07,307 p=1177717 u=mukesh n=ansible INFO| TASK [prometheus : Install Prometheus on Ubuntu/Debian] **********************************************************************************
2026-01-01 18:16:07,323 p=1177717 u=mukesh n=ansible INFO| skipping: [ec2-3-110-197-121.ap-south-1.compute.amazonaws.com]
2026-01-01 18:16:07,330 p=1177717 u=mukesh n=ansible INFO| TASK [grafana : include_tasks] ***********************************************************************************************************
2026-01-01 18:16:07,362 p=1177717 u=mukesh n=ansible INFO| included: /home/mukesh/Ansible-git-push/Assignment5a/roles/grafana/tasks/redhat.yml for ec2-3-110-197-121.ap-south-1.compute.amazonaws.com
2026-01-01 18:16:07,365 p=1177717 u=mukesh n=ansible INFO| TASK [grafana : Add Grafana YUM repository] **********************************************************************************************
2026-01-01 18:16:08,867 p=1177717 u=mukesh n=ansible INFO| ok: [ec2-3-110-197-121.ap-south-1.compute.amazonaws.com]
2026-01-01 18:16:08,872 p=1177717 u=mukesh n=ansible INFO| TASK [grafana : Install Grafana] *********************************************************************************************************
2026-01-01 18:16:10,721 p=1177717 u=mukesh n=ansible INFO| ok: [ec2-3-110-197-121.ap-south-1.compute.amazonaws.com]
2026-01-01 18:16:10,731 p=1177717 u=mukesh n=ansible INFO| TASK [grafana : Install required packages] ***********************************************************************************************
2026-01-01 18:16:12,093 p=1177717 u=mukesh n=ansible INFO| ok: [ec2-3-110-197-121.ap-south-1.compute.amazonaws.com]
2026-01-01 18:16:12,101 p=1177717 u=mukesh n=ansible INFO| TASK [grafana : Stop Grafana service] ****************************************************************************************************
2026-01-01 18:16:13,187 p=1177717 u=mukesh n=ansible INFO| ok: [ec2-3-110-197-121.ap-south-1.compute.amazonaws.com]
2026-01-01 18:16:13,190 p=1177717 u=mukesh n=ansible INFO| TASK [grafana : Create Grafana provisioning and dashboard directories] *******************************************************************
2026-01-01 18:16:13,683 p=1177717 u=mukesh n=ansible INFO| ok: [ec2-3-110-197-121.ap-south-1.compute.amazonaws.com] => (item=/etc/grafana/provisioning/datasources)
2026-01-01 18:16:14,242 p=1177717 u=mukesh n=ansible INFO| ok: [ec2-3-110-197-121.ap-south-1.compute.amazonaws.com] => (item=/etc/grafana/provisioning/dashboards)
2026-01-01 18:16:14,755 p=1177717 u=mukesh n=ansible INFO| ok: [ec2-3-110-197-121.ap-south-1.compute.amazonaws.com] => (item=/var/lib/grafana/dashboards)
2026-01-01 18:16:14,764 p=1177717 u=mukesh n=ansible INFO| TASK [grafana : Copy Prometheus datasource] **********************************************************************************************
2026-01-01 18:16:16,085 p=1177717 u=mukesh n=ansible INFO| ok: [ec2-3-110-197-121.ap-south-1.compute.amazonaws.com]
2026-01-01 18:16:16,104 p=1177717 u=mukesh n=ansible INFO| TASK [grafana : Copy dashboard provider config] ******************************************************************************************
2026-01-01 18:16:17,376 p=1177717 u=mukesh n=ansible INFO| ok: [ec2-3-110-197-121.ap-south-1.compute.amazonaws.com]
2026-01-01 18:16:17,386 p=1177717 u=mukesh n=ansible INFO| TASK [grafana : Deploy Grafana dashboards] ***********************************************************************************************
2026-01-01 18:16:18,749 p=1177717 u=mukesh n=ansible INFO| ok: [ec2-3-110-197-121.ap-south-1.compute.amazonaws.com] => (item=node-exporter.json)
2026-01-01 18:16:20,078 p=1177717 u=mukesh n=ansible INFO| ok: [ec2-3-110-197-121.ap-south-1.compute.amazonaws.com] => (item=prometheus.json)
2026-01-01 18:16:21,420 p=1177717 u=mukesh n=ansible INFO| ok: [ec2-3-110-197-121.ap-south-1.compute.amazonaws.com] => (item=blackbox.json)
2026-01-01 18:16:21,427 p=1177717 u=mukesh n=ansible INFO| TASK [grafana : Set SELinux context for Grafana data] ************************************************************************************
2026-01-01 18:16:21,926 p=1177717 u=mukesh n=ansible ERROR| [ERROR]: Task failed: Module failed: non-zero return code
Origin: /home/mukesh/Ansible-git-push/Assignment5a/roles/grafana/tasks/redhat.yml:83:3

81 # SELinux fixes
82
83 - name: Set SELinux context for Grafana data
     ^ column 3


2026-01-01 18:16:21,928 p=1177717 u=mukesh n=ansible INFO| fatal: [ec2-3-110-197-121.ap-south-1.compute.amazonaws.com]: FAILED! => changed=true 
  cmd:
  - chcon
  - -R
  - -t
  - grafana_var_lib_t
  - /var/lib/grafana
  delta: '0:00:00.004836'
  end: '2026-01-01 12:46:21.947506'
  msg: non-zero return code
  rc: 1
  start: '2026-01-01 12:46:21.942670'
  stderr: |-
    chcon: failed to change context of 'node-exporter.json' to ‘system_u:object_r:grafana_var_lib_t:s0’: Invalid argument
    chcon: failed to change context of 'prometheus.json' to ‘system_u:object_r:grafana_var_lib_t:s0’: Invalid argument
    chcon: failed to change context of 'blackbox.json' to ‘system_u:object_r:grafana_var_lib_t:s0’: Invalid argument
    chcon: failed to change context of 'dashboards' to ‘unconfined_u:object_r:grafana_var_lib_t:s0’: Invalid argument
    chcon: failed to change context of '/var/lib/grafana' to ‘unconfined_u:object_r:grafana_var_lib_t:s0’: Invalid argument
  stderr_lines: <omitted>
  stdout: ''
  stdout_lines: <omitted>
2026-01-01 18:16:21,928 p=1177717 u=mukesh n=ansible INFO| ...ignoring
2026-01-01 18:16:21,955 p=1177717 u=mukesh n=ansible INFO| TASK [grafana : Install firewalld dependencies] ******************************************************************************************
2026-01-01 18:17:20,648 p=1177717 u=mukesh n=ansible INFO| changed: [ec2-3-110-197-121.ap-south-1.compute.amazonaws.com]
2026-01-01 18:17:20,653 p=1177717 u=mukesh n=ansible INFO| TASK [grafana : Start firewalld] *********************************************************************************************************
2026-01-01 18:17:22,460 p=1177717 u=mukesh n=ansible INFO| changed: [ec2-3-110-197-121.ap-south-1.compute.amazonaws.com]
2026-01-01 18:17:22,464 p=1177717 u=mukesh n=ansible INFO| TASK [grafana : Open Prometheus port] ****************************************************************************************************
2026-01-01 18:17:23,461 p=1177717 u=mukesh n=ansible INFO| changed: [ec2-3-110-197-121.ap-south-1.compute.amazonaws.com]
2026-01-01 18:17:23,464 p=1177717 u=mukesh n=ansible INFO| TASK [grafana : Open blackbox exporter port] *********************************************************************************************
2026-01-01 18:17:24,100 p=1177717 u=mukesh n=ansible INFO| changed: [ec2-3-110-197-121.ap-south-1.compute.amazonaws.com]
2026-01-01 18:17:24,111 p=1177717 u=mukesh n=ansible INFO| TASK [grafana : Open Grafana port] *******************************************************************************************************
2026-01-01 18:17:24,816 p=1177717 u=mukesh n=ansible INFO| changed: [ec2-3-110-197-121.ap-south-1.compute.amazonaws.com]
2026-01-01 18:17:24,829 p=1177717 u=mukesh n=ansible INFO| TASK [grafana : Reload firewalld] ********************************************************************************************************
2026-01-01 18:17:25,428 p=1177717 u=mukesh n=ansible ERROR| [ERROR]: Task failed: Module failed: value of state must be one of: absent, disabled, enabled, present, got: reloaded
Origin: /home/mukesh/Ansible-git-push/Assignment5a/roles/grafana/tasks/redhat.yml:131:3

129   when: ansible_os_family == "RedHat"
130
131 - name: Reload firewalld
      ^ column 3


2026-01-01 18:17:25,429 p=1177717 u=mukesh n=ansible INFO| fatal: [ec2-3-110-197-121.ap-south-1.compute.amazonaws.com]: FAILED! => changed=false 
  msg: 'value of state must be one of: absent, disabled, enabled, present, got: reloaded'
2026-01-01 18:17:25,431 p=1177717 u=mukesh n=ansible INFO| PLAY RECAP *******************************************************************************************************************************
2026-01-01 18:17:25,431 p=1177717 u=mukesh n=ansible INFO| ec2-3-110-197-121.ap-south-1.compute.amazonaws.com : ok=24   changed=6    unreachable=0    failed=1    skipped=1    rescued=0    ignored=1   
2026-01-01 18:17:25,431 p=1177717 u=mukesh n=ansible INFO| ec2-3-111-150-107.ap-south-1.compute.amazonaws.com : ok=13   changed=2    unreachable=0    failed=0    skipped=6    rescued=0    ignored=0   
2026-01-01 18:21:23,177 p=1180413 u=mukesh n=ansible INFO| PLAY [Configure Application Server] ******************************************************************************************************
2026-01-01 18:21:23,192 p=1180413 u=mukesh n=ansible WARNING| [WARNING]: Found variable using reserved name 'tags'.
Origin: <unknown>

tags


2026-01-01 18:21:23,194 p=1180413 u=mukesh n=ansible INFO| TASK [app_server : Load OS specific vars] ************************************************************************************************
2026-01-01 18:21:23,223 p=1180413 u=mukesh n=ansible INFO| ok: [ec2-3-111-150-107.ap-south-1.compute.amazonaws.com]
2026-01-01 18:21:23,228 p=1180413 u=mukesh n=ansible INFO| TASK [app_server : Install packages on Debian/Ubuntu] ************************************************************************************
2026-01-01 18:21:30,916 p=1180413 u=mukesh n=ansible INFO| ok: [ec2-3-111-150-107.ap-south-1.compute.amazonaws.com]
2026-01-01 18:21:30,925 p=1180413 u=mukesh n=ansible INFO| TASK [app_server : Enable extras repo for Maven (Amazon Linux)] **************************************************************************
2026-01-01 18:21:30,938 p=1180413 u=mukesh n=ansible INFO| skipping: [ec2-3-111-150-107.ap-south-1.compute.amazonaws.com]
2026-01-01 18:21:30,945 p=1180413 u=mukesh n=ansible INFO| TASK [app_server : Install packages on RedHat/Amazon Linux] ******************************************************************************
2026-01-01 18:21:30,958 p=1180413 u=mukesh n=ansible INFO| skipping: [ec2-3-111-150-107.ap-south-1.compute.amazonaws.com]
2026-01-01 18:21:30,963 p=1180413 u=mukesh n=ansible INFO| TASK [app_server : Install Maven via EPEL (Amazon Linux)] ********************************************************************************
2026-01-01 18:21:30,976 p=1180413 u=mukesh n=ansible INFO| skipping: [ec2-3-111-150-107.ap-south-1.compute.amazonaws.com]
2026-01-01 18:21:30,980 p=1180413 u=mukesh n=ansible INFO| TASK [app_server : Clone application repo] ***********************************************************************************************
2026-01-01 18:21:32,561 p=1180413 u=mukesh n=ansible INFO| ok: [ec2-3-111-150-107.ap-south-1.compute.amazonaws.com]
2026-01-01 18:21:32,566 p=1180413 u=mukesh n=ansible INFO| TASK [app_server : Build application] ****************************************************************************************************
2026-01-01 18:21:40,227 p=1180413 u=mukesh n=ansible INFO| changed: [ec2-3-111-150-107.ap-south-1.compute.amazonaws.com]
2026-01-01 18:21:40,232 p=1180413 u=mukesh n=ansible INFO| TASK [app_server : Find built JAR file] **************************************************************************************************
2026-01-01 18:21:41,002 p=1180413 u=mukesh n=ansible INFO| ok: [ec2-3-111-150-107.ap-south-1.compute.amazonaws.com]
2026-01-01 18:21:41,011 p=1180413 u=mukesh n=ansible INFO| TASK [app_server : Fail if no JAR was built] *********************************************************************************************
2026-01-01 18:21:41,025 p=1180413 u=mukesh n=ansible INFO| skipping: [ec2-3-111-150-107.ap-south-1.compute.amazonaws.com]
2026-01-01 18:21:41,030 p=1180413 u=mukesh n=ansible INFO| TASK [app_server : Create systemd service] ***********************************************************************************************
2026-01-01 18:21:43,265 p=1180413 u=mukesh n=ansible INFO| ok: [ec2-3-111-150-107.ap-south-1.compute.amazonaws.com]
2026-01-01 18:21:43,281 p=1180413 u=mukesh n=ansible INFO| TASK [app_server : Enable and start app] *************************************************************************************************
2026-01-01 18:21:44,306 p=1180413 u=mukesh n=ansible INFO| ok: [ec2-3-111-150-107.ap-south-1.compute.amazonaws.com]
2026-01-01 18:21:44,319 p=1180413 u=mukesh n=ansible INFO| TASK [node_exporter : Install Node Exporter on RedHat] ***********************************************************************************
2026-01-01 18:21:44,331 p=1180413 u=mukesh n=ansible INFO| skipping: [ec2-3-111-150-107.ap-south-1.compute.amazonaws.com]
2026-01-01 18:21:44,336 p=1180413 u=mukesh n=ansible INFO| TASK [node_exporter : Install Node Exporter on Ubuntu/Debian] ****************************************************************************
2026-01-01 18:21:44,359 p=1180413 u=mukesh n=ansible INFO| included: /home/mukesh/Ansible-git-push/Assignment5a/roles/node_exporter/tasks/ubuntu.yml for ec2-3-111-150-107.ap-south-1.compute.amazonaws.com
2026-01-01 18:21:44,363 p=1180413 u=mukesh n=ansible INFO| TASK [node_exporter : Create node exporter user] *****************************************************************************************
2026-01-01 18:21:45,097 p=1180413 u=mukesh n=ansible INFO| ok: [ec2-3-111-150-107.ap-south-1.compute.amazonaws.com]
2026-01-01 18:21:45,108 p=1180413 u=mukesh n=ansible INFO| TASK [node_exporter : Download Node Exporter archive] ************************************************************************************
2026-01-01 18:21:46,544 p=1180413 u=mukesh n=ansible INFO| ok: [ec2-3-111-150-107.ap-south-1.compute.amazonaws.com]
2026-01-01 18:21:46,556 p=1180413 u=mukesh n=ansible INFO| TASK [node_exporter : Extract Node Exporter binary] **************************************************************************************
2026-01-01 18:21:47,138 p=1180413 u=mukesh n=ansible INFO| skipping: [ec2-3-111-150-107.ap-south-1.compute.amazonaws.com]
2026-01-01 18:21:47,143 p=1180413 u=mukesh n=ansible INFO| TASK [node_exporter : Ensure Node Exporter binary is executable] *************************************************************************
2026-01-01 18:21:47,869 p=1180413 u=mukesh n=ansible INFO| ok: [ec2-3-111-150-107.ap-south-1.compute.amazonaws.com]
2026-01-01 18:21:47,874 p=1180413 u=mukesh n=ansible INFO| TASK [node_exporter : Create systemd service] ********************************************************************************************
2026-01-01 18:21:49,573 p=1180413 u=mukesh n=ansible INFO| ok: [ec2-3-111-150-107.ap-south-1.compute.amazonaws.com]
2026-01-01 18:21:49,590 p=1180413 u=mukesh n=ansible INFO| RUNNING HANDLER [app_server : restart application] ***************************************************************************************
2026-01-01 18:21:50,382 p=1180413 u=mukesh n=ansible INFO| changed: [ec2-3-111-150-107.ap-south-1.compute.amazonaws.com]
2026-01-01 18:21:50,388 p=1180413 u=mukesh n=ansible INFO| PLAY [Configure Monitoring Stack] ********************************************************************************************************
2026-01-01 18:21:50,397 p=1180413 u=mukesh n=ansible INFO| TASK [prometheus : Install Prometheus on RedHat] *****************************************************************************************
2026-01-01 18:21:50,425 p=1180413 u=mukesh n=ansible INFO| included: /home/mukesh/Ansible-git-push/Assignment5a/roles/prometheus/tasks/redhat.yml for ec2-3-110-197-121.ap-south-1.compute.amazonaws.com
2026-01-01 18:21:50,428 p=1180413 u=mukesh n=ansible INFO| TASK [prometheus : Ensure Prometheus user exists] ****************************************************************************************
2026-01-01 18:22:02,465 p=1180413 u=mukesh n=ansible ERROR| [ERROR]: Task failed: Timeout (12s) waiting for privilege escalation prompt:
Origin: /home/mukesh/Ansible-git-push/Assignment5a/roles/prometheus/tasks/redhat.yml:2:3

1 ---
2 - name: Ensure Prometheus user exists
    ^ column 3


2026-01-01 18:22:02,466 p=1180413 u=mukesh n=ansible INFO| fatal: [ec2-3-110-197-121.ap-south-1.compute.amazonaws.com]: UNREACHABLE! => changed=false 
  msg: 'Task failed: Timeout (12s) waiting for privilege escalation prompt:'
  unreachable: true
2026-01-01 18:22:02,469 p=1180413 u=mukesh n=ansible INFO| PLAY RECAP *******************************************************************************************************************************
2026-01-01 18:22:02,469 p=1180413 u=mukesh n=ansible INFO| ec2-3-110-197-121.ap-south-1.compute.amazonaws.com : ok=1    changed=0    unreachable=1    failed=0    skipped=0    rescued=0    ignored=0   
2026-01-01 18:22:02,469 p=1180413 u=mukesh n=ansible INFO| ec2-3-111-150-107.ap-south-1.compute.amazonaws.com : ok=13   changed=2    unreachable=0    failed=0    skipped=6    rescued=0    ignored=0   
2026-01-01 18:22:15,299 p=1181003 u=mukesh n=ansible INFO| PLAY [Configure Application Server] ******************************************************************************************************
2026-01-01 18:22:15,315 p=1181003 u=mukesh n=ansible WARNING| [WARNING]: Found variable using reserved name 'tags'.
Origin: <unknown>

tags


2026-01-01 18:22:15,316 p=1181003 u=mukesh n=ansible INFO| TASK [app_server : Load OS specific vars] ************************************************************************************************
2026-01-01 18:22:15,345 p=1181003 u=mukesh n=ansible INFO| ok: [ec2-3-111-150-107.ap-south-1.compute.amazonaws.com]
2026-01-01 18:22:15,351 p=1181003 u=mukesh n=ansible INFO| TASK [app_server : Install packages on Debian/Ubuntu] ************************************************************************************
2026-01-01 18:22:18,081 p=1181003 u=mukesh n=ansible INFO| ok: [ec2-3-111-150-107.ap-south-1.compute.amazonaws.com]
2026-01-01 18:22:18,091 p=1181003 u=mukesh n=ansible INFO| TASK [app_server : Enable extras repo for Maven (Amazon Linux)] **************************************************************************
2026-01-01 18:22:18,109 p=1181003 u=mukesh n=ansible INFO| skipping: [ec2-3-111-150-107.ap-south-1.compute.amazonaws.com]
2026-01-01 18:22:18,115 p=1181003 u=mukesh n=ansible INFO| TASK [app_server : Install packages on RedHat/Amazon Linux] ******************************************************************************
2026-01-01 18:22:18,127 p=1181003 u=mukesh n=ansible INFO| skipping: [ec2-3-111-150-107.ap-south-1.compute.amazonaws.com]
2026-01-01 18:22:18,132 p=1181003 u=mukesh n=ansible INFO| TASK [app_server : Install Maven via EPEL (Amazon Linux)] ********************************************************************************
2026-01-01 18:22:18,145 p=1181003 u=mukesh n=ansible INFO| skipping: [ec2-3-111-150-107.ap-south-1.compute.amazonaws.com]
2026-01-01 18:22:18,150 p=1181003 u=mukesh n=ansible INFO| TASK [app_server : Clone application repo] ***********************************************************************************************
2026-01-01 18:22:20,860 p=1181003 u=mukesh n=ansible INFO| ok: [ec2-3-111-150-107.ap-south-1.compute.amazonaws.com]
2026-01-01 18:22:20,872 p=1181003 u=mukesh n=ansible INFO| TASK [app_server : Build application] ****************************************************************************************************
2026-01-01 18:22:28,859 p=1181003 u=mukesh n=ansible INFO| changed: [ec2-3-111-150-107.ap-south-1.compute.amazonaws.com]
2026-01-01 18:22:28,867 p=1181003 u=mukesh n=ansible INFO| TASK [app_server : Find built JAR file] **************************************************************************************************
2026-01-01 18:22:29,540 p=1181003 u=mukesh n=ansible INFO| ok: [ec2-3-111-150-107.ap-south-1.compute.amazonaws.com]
2026-01-01 18:22:29,548 p=1181003 u=mukesh n=ansible INFO| TASK [app_server : Fail if no JAR was built] *********************************************************************************************
2026-01-01 18:22:29,560 p=1181003 u=mukesh n=ansible INFO| skipping: [ec2-3-111-150-107.ap-south-1.compute.amazonaws.com]
2026-01-01 18:22:29,566 p=1181003 u=mukesh n=ansible INFO| TASK [app_server : Create systemd service] ***********************************************************************************************
2026-01-01 18:22:30,942 p=1181003 u=mukesh n=ansible INFO| ok: [ec2-3-111-150-107.ap-south-1.compute.amazonaws.com]
2026-01-01 18:22:30,951 p=1181003 u=mukesh n=ansible INFO| TASK [app_server : Enable and start app] *************************************************************************************************
2026-01-01 18:22:31,995 p=1181003 u=mukesh n=ansible INFO| ok: [ec2-3-111-150-107.ap-south-1.compute.amazonaws.com]
2026-01-01 18:22:32,004 p=1181003 u=mukesh n=ansible INFO| TASK [node_exporter : Install Node Exporter on RedHat] ***********************************************************************************
2026-01-01 18:22:32,020 p=1181003 u=mukesh n=ansible INFO| skipping: [ec2-3-111-150-107.ap-south-1.compute.amazonaws.com]
2026-01-01 18:22:32,026 p=1181003 u=mukesh n=ansible INFO| TASK [node_exporter : Install Node Exporter on Ubuntu/Debian] ****************************************************************************
2026-01-01 18:22:32,053 p=1181003 u=mukesh n=ansible INFO| included: /home/mukesh/Ansible-git-push/Assignment5a/roles/node_exporter/tasks/ubuntu.yml for ec2-3-111-150-107.ap-south-1.compute.amazonaws.com
2026-01-01 18:22:32,056 p=1181003 u=mukesh n=ansible INFO| TASK [node_exporter : Create node exporter user] *****************************************************************************************
2026-01-01 18:22:32,818 p=1181003 u=mukesh n=ansible INFO| ok: [ec2-3-111-150-107.ap-south-1.compute.amazonaws.com]
2026-01-01 18:22:32,832 p=1181003 u=mukesh n=ansible INFO| TASK [node_exporter : Download Node Exporter archive] ************************************************************************************
2026-01-01 18:22:33,635 p=1181003 u=mukesh n=ansible INFO| ok: [ec2-3-111-150-107.ap-south-1.compute.amazonaws.com]
2026-01-01 18:22:33,649 p=1181003 u=mukesh n=ansible INFO| TASK [node_exporter : Extract Node Exporter binary] **************************************************************************************
2026-01-01 18:22:33,970 p=1181003 u=mukesh n=ansible INFO| skipping: [ec2-3-111-150-107.ap-south-1.compute.amazonaws.com]
2026-01-01 18:22:33,977 p=1181003 u=mukesh n=ansible INFO| TASK [node_exporter : Ensure Node Exporter binary is executable] *************************************************************************
2026-01-01 18:22:34,358 p=1181003 u=mukesh n=ansible INFO| ok: [ec2-3-111-150-107.ap-south-1.compute.amazonaws.com]
2026-01-01 18:22:34,367 p=1181003 u=mukesh n=ansible INFO| TASK [node_exporter : Create systemd service] ********************************************************************************************
2026-01-01 18:22:35,513 p=1181003 u=mukesh n=ansible INFO| ok: [ec2-3-111-150-107.ap-south-1.compute.amazonaws.com]
2026-01-01 18:22:35,532 p=1181003 u=mukesh n=ansible INFO| RUNNING HANDLER [app_server : restart application] ***************************************************************************************
2026-01-01 18:22:36,406 p=1181003 u=mukesh n=ansible INFO| changed: [ec2-3-111-150-107.ap-south-1.compute.amazonaws.com]
2026-01-01 18:22:36,411 p=1181003 u=mukesh n=ansible INFO| PLAY [Configure Monitoring Stack] ********************************************************************************************************
2026-01-01 18:22:36,420 p=1181003 u=mukesh n=ansible INFO| TASK [prometheus : Install Prometheus on RedHat] *****************************************************************************************
2026-01-01 18:22:36,448 p=1181003 u=mukesh n=ansible INFO| included: /home/mukesh/Ansible-git-push/Assignment5a/roles/prometheus/tasks/redhat.yml for ec2-3-110-197-121.ap-south-1.compute.amazonaws.com
2026-01-01 18:22:36,451 p=1181003 u=mukesh n=ansible INFO| TASK [prometheus : Ensure Prometheus user exists] ****************************************************************************************
2026-01-01 18:22:37,113 p=1181003 u=mukesh n=ansible INFO| ok: [ec2-3-110-197-121.ap-south-1.compute.amazonaws.com]
2026-01-01 18:22:37,119 p=1181003 u=mukesh n=ansible INFO| TASK [prometheus : Create required directories] ******************************************************************************************
2026-01-01 18:22:37,628 p=1181003 u=mukesh n=ansible INFO| ok: [ec2-3-110-197-121.ap-south-1.compute.amazonaws.com] => (item=/opt/prometheus)
2026-01-01 18:22:38,136 p=1181003 u=mukesh n=ansible INFO| ok: [ec2-3-110-197-121.ap-south-1.compute.amazonaws.com] => (item=/var/lib/prometheus)
2026-01-01 18:22:38,582 p=1181003 u=mukesh n=ansible INFO| ok: [ec2-3-110-197-121.ap-south-1.compute.amazonaws.com] => (item=/etc/prometheus)
2026-01-01 18:22:38,593 p=1181003 u=mukesh n=ansible INFO| TASK [prometheus : Download Prometheus tarball] ******************************************************************************************
2026-01-01 18:22:39,481 p=1181003 u=mukesh n=ansible INFO| ok: [ec2-3-110-197-121.ap-south-1.compute.amazonaws.com]
2026-01-01 18:22:39,488 p=1181003 u=mukesh n=ansible INFO| TASK [prometheus : Extract Prometheus] ***************************************************************************************************
2026-01-01 18:22:45,015 p=1181003 u=mukesh n=ansible INFO| ok: [ec2-3-110-197-121.ap-south-1.compute.amazonaws.com]
2026-01-01 18:22:45,023 p=1181003 u=mukesh n=ansible INFO| TASK [prometheus : Install Prometheus binaries] ******************************************************************************************
2026-01-01 18:22:47,072 p=1181003 u=mukesh n=ansible INFO| ok: [ec2-3-110-197-121.ap-south-1.compute.amazonaws.com] => (item=prometheus)
2026-01-01 18:22:48,616 p=1181003 u=mukesh n=ansible INFO| ok: [ec2-3-110-197-121.ap-south-1.compute.amazonaws.com] => (item=promtool)
2026-01-01 18:22:48,627 p=1181003 u=mukesh n=ansible INFO| TASK [prometheus : Copy Prometheus console files] ****************************************************************************************
2026-01-01 18:22:49,531 p=1181003 u=mukesh n=ansible INFO| ok: [ec2-3-110-197-121.ap-south-1.compute.amazonaws.com] => (item=consoles)
2026-01-01 18:22:50,530 p=1181003 u=mukesh n=ansible INFO| ok: [ec2-3-110-197-121.ap-south-1.compute.amazonaws.com] => (item=console_libraries)
2026-01-01 18:22:50,541 p=1181003 u=mukesh n=ansible INFO| TASK [prometheus : Copy Prometheus config] ***********************************************************************************************
2026-01-01 18:22:52,071 p=1181003 u=mukesh n=ansible INFO| ok: [ec2-3-110-197-121.ap-south-1.compute.amazonaws.com]
2026-01-01 18:22:52,080 p=1181003 u=mukesh n=ansible INFO| TASK [prometheus : Create Prometheus systemd service] ************************************************************************************
2026-01-01 18:22:53,509 p=1181003 u=mukesh n=ansible INFO| ok: [ec2-3-110-197-121.ap-south-1.compute.amazonaws.com]
2026-01-01 18:22:53,518 p=1181003 u=mukesh n=ansible INFO| TASK [prometheus : Reload systemd daemon] ************************************************************************************************
2026-01-01 18:22:54,335 p=1181003 u=mukesh n=ansible INFO| changed: [ec2-3-110-197-121.ap-south-1.compute.amazonaws.com]
2026-01-01 18:22:54,344 p=1181003 u=mukesh n=ansible INFO| TASK [prometheus : Ensure Prometheus service is enabled and running] *********************************************************************
2026-01-01 18:22:55,595 p=1181003 u=mukesh n=ansible INFO| changed: [ec2-3-110-197-121.ap-south-1.compute.amazonaws.com]
2026-01-01 18:22:55,602 p=1181003 u=mukesh n=ansible INFO| TASK [prometheus : Install Prometheus on Ubuntu/Debian] **********************************************************************************
2026-01-01 18:22:55,621 p=1181003 u=mukesh n=ansible INFO| skipping: [ec2-3-110-197-121.ap-south-1.compute.amazonaws.com]
2026-01-01 18:22:55,630 p=1181003 u=mukesh n=ansible INFO| TASK [grafana : include_tasks] ***********************************************************************************************************
2026-01-01 18:22:55,662 p=1181003 u=mukesh n=ansible INFO| included: /home/mukesh/Ansible-git-push/Assignment5a/roles/grafana/tasks/redhat.yml for ec2-3-110-197-121.ap-south-1.compute.amazonaws.com
2026-01-01 18:22:55,665 p=1181003 u=mukesh n=ansible INFO| TASK [grafana : Ensure Grafana repo exists (RedHat only)] ********************************************************************************
2026-01-01 18:22:59,433 p=1181003 u=mukesh n=ansible INFO| ok: [ec2-3-110-197-121.ap-south-1.compute.amazonaws.com]
2026-01-01 18:22:59,464 p=1181003 u=mukesh n=ansible INFO| TASK [grafana : Install Grafana] *********************************************************************************************************
2026-01-01 18:23:01,898 p=1181003 u=mukesh n=ansible INFO| ok: [ec2-3-110-197-121.ap-south-1.compute.amazonaws.com]
2026-01-01 18:23:01,907 p=1181003 u=mukesh n=ansible INFO| TASK [grafana : Install dependencies] ****************************************************************************************************
2026-01-01 18:23:03,338 p=1181003 u=mukesh n=ansible INFO| ok: [ec2-3-110-197-121.ap-south-1.compute.amazonaws.com]
2026-01-01 18:23:03,342 p=1181003 u=mukesh n=ansible INFO| TASK [grafana : Stop Grafana service if exists] ******************************************************************************************
2026-01-01 18:23:04,183 p=1181003 u=mukesh n=ansible INFO| ok: [ec2-3-110-197-121.ap-south-1.compute.amazonaws.com]
2026-01-01 18:23:04,192 p=1181003 u=mukesh n=ansible INFO| TASK [grafana : Create provisioning and dashboard directories] ***************************************************************************
2026-01-01 18:23:04,770 p=1181003 u=mukesh n=ansible INFO| ok: [ec2-3-110-197-121.ap-south-1.compute.amazonaws.com] => (item=/etc/grafana/provisioning/datasources)
2026-01-01 18:23:05,276 p=1181003 u=mukesh n=ansible INFO| ok: [ec2-3-110-197-121.ap-south-1.compute.amazonaws.com] => (item=/etc/grafana/provisioning/dashboards)
2026-01-01 18:23:05,789 p=1181003 u=mukesh n=ansible INFO| ok: [ec2-3-110-197-121.ap-south-1.compute.amazonaws.com] => (item=/var/lib/grafana/dashboards)
2026-01-01 18:23:05,797 p=1181003 u=mukesh n=ansible INFO| TASK [grafana : Copy Prometheus datasource] **********************************************************************************************
2026-01-01 18:23:07,216 p=1181003 u=mukesh n=ansible INFO| ok: [ec2-3-110-197-121.ap-south-1.compute.amazonaws.com]
2026-01-01 18:23:07,224 p=1181003 u=mukesh n=ansible INFO| TASK [grafana : Copy dashboard provider config] ******************************************************************************************
2026-01-01 18:23:08,654 p=1181003 u=mukesh n=ansible INFO| ok: [ec2-3-110-197-121.ap-south-1.compute.amazonaws.com]
2026-01-01 18:23:08,664 p=1181003 u=mukesh n=ansible INFO| TASK [grafana : Deploy Grafana dashboards] ***********************************************************************************************
2026-01-01 18:23:10,089 p=1181003 u=mukesh n=ansible INFO| ok: [ec2-3-110-197-121.ap-south-1.compute.amazonaws.com] => (item=node-exporter.json)
2026-01-01 18:23:11,419 p=1181003 u=mukesh n=ansible INFO| ok: [ec2-3-110-197-121.ap-south-1.compute.amazonaws.com] => (item=prometheus.json)
2026-01-01 18:23:13,410 p=1181003 u=mukesh n=ansible INFO| ok: [ec2-3-110-197-121.ap-south-1.compute.amazonaws.com] => (item=blackbox.json)
2026-01-01 18:23:13,415 p=1181003 u=mukesh n=ansible INFO| TASK [grafana : Set SELinux context for Grafana data] ************************************************************************************
2026-01-01 18:23:13,984 p=1181003 u=mukesh n=ansible ERROR| [ERROR]: Task failed: Module failed: non-zero return code
Origin: /home/mukesh/Ansible-git-push/Assignment5a/roles/grafana/tasks/redhat.yml:85:3

83
84 # SELinux fixes (RedHat only)
85 - name: Set SELinux context for Grafana data
     ^ column 3


2026-01-01 18:23:13,987 p=1181003 u=mukesh n=ansible INFO| fatal: [ec2-3-110-197-121.ap-south-1.compute.amazonaws.com]: FAILED! => changed=true 
  cmd:
  - chcon
  - -R
  - -t
  - grafana_var_lib_t
  - /var/lib/grafana
  delta: '0:00:00.005247'
  end: '2026-01-01 12:53:14.015492'
  msg: non-zero return code
  rc: 1
  start: '2026-01-01 12:53:14.010245'
  stderr: |-
    chcon: failed to change context of 'node-exporter.json' to ‘system_u:object_r:grafana_var_lib_t:s0’: Invalid argument
    chcon: failed to change context of 'prometheus.json' to ‘system_u:object_r:grafana_var_lib_t:s0’: Invalid argument
    chcon: failed to change context of 'blackbox.json' to ‘system_u:object_r:grafana_var_lib_t:s0’: Invalid argument
    chcon: failed to change context of 'dashboards' to ‘unconfined_u:object_r:grafana_var_lib_t:s0’: Invalid argument
    chcon: failed to change context of '/var/lib/grafana' to ‘unconfined_u:object_r:grafana_var_lib_t:s0’: Invalid argument
  stderr_lines: <omitted>
  stdout: ''
  stdout_lines: <omitted>
2026-01-01 18:23:13,987 p=1181003 u=mukesh n=ansible INFO| ...ignoring
2026-01-01 18:23:13,995 p=1181003 u=mukesh n=ansible INFO| TASK [grafana : Ensure firewalld is installed and started] *******************************************************************************
2026-01-01 18:23:15,326 p=1181003 u=mukesh n=ansible INFO| ok: [ec2-3-110-197-121.ap-south-1.compute.amazonaws.com]
2026-01-01 18:23:15,332 p=1181003 u=mukesh n=ansible INFO| TASK [grafana : Start firewalld] *********************************************************************************************************
2026-01-01 18:23:16,201 p=1181003 u=mukesh n=ansible INFO| ok: [ec2-3-110-197-121.ap-south-1.compute.amazonaws.com]
2026-01-01 18:23:16,208 p=1181003 u=mukesh n=ansible INFO| TASK [grafana : Open Prometheus port] ****************************************************************************************************
2026-01-01 18:23:17,259 p=1181003 u=mukesh n=ansible INFO| ok: [ec2-3-110-197-121.ap-south-1.compute.amazonaws.com]
2026-01-01 18:23:17,267 p=1181003 u=mukesh n=ansible INFO| TASK [grafana : Open blackbox exporter port] *********************************************************************************************
2026-01-01 18:23:17,867 p=1181003 u=mukesh n=ansible INFO| ok: [ec2-3-110-197-121.ap-south-1.compute.amazonaws.com]
2026-01-01 18:23:17,871 p=1181003 u=mukesh n=ansible INFO| TASK [grafana : Open Grafana port] *******************************************************************************************************
2026-01-01 18:23:18,457 p=1181003 u=mukesh n=ansible INFO| ok: [ec2-3-110-197-121.ap-south-1.compute.amazonaws.com]
2026-01-01 18:23:18,473 p=1181003 u=mukesh n=ansible INFO| TASK [grafana : Reload firewalld] ********************************************************************************************************
2026-01-01 18:23:19,102 p=1181003 u=mukesh n=ansible ERROR| [ERROR]: Task failed: Module failed: value of state must be one of: absent, disabled, enabled, present, got: reloaded
Origin: /home/mukesh/Ansible-git-push/Assignment5a/roles/grafana/tasks/redhat.yml:130:3

128   when: ansible_os_family == "RedHat"
129
130 - name: Reload firewalld
      ^ column 3


2026-01-01 18:23:19,104 p=1181003 u=mukesh n=ansible INFO| fatal: [ec2-3-110-197-121.ap-south-1.compute.amazonaws.com]: FAILED! => changed=false 
  msg: 'value of state must be one of: absent, disabled, enabled, present, got: reloaded'
2026-01-01 18:23:19,106 p=1181003 u=mukesh n=ansible INFO| PLAY RECAP *******************************************************************************************************************************
2026-01-01 18:23:19,106 p=1181003 u=mukesh n=ansible INFO| ec2-3-110-197-121.ap-south-1.compute.amazonaws.com : ok=26   changed=3    unreachable=0    failed=1    skipped=1    rescued=0    ignored=1   
2026-01-01 18:23:19,107 p=1181003 u=mukesh n=ansible INFO| ec2-3-111-150-107.ap-south-1.compute.amazonaws.com : ok=13   changed=2    unreachable=0    failed=0    skipped=6    rescued=0    ignored=0   
2026-01-01 18:25:45,708 p=1182741 u=mukesh n=ansible INFO| PLAY [Configure Application Server] ******************************************************************************************************
2026-01-01 18:25:45,723 p=1182741 u=mukesh n=ansible WARNING| [WARNING]: Found variable using reserved name 'tags'.
Origin: <unknown>

tags


2026-01-01 18:25:45,724 p=1182741 u=mukesh n=ansible INFO| TASK [app_server : Load OS specific vars] ************************************************************************************************
2026-01-01 18:25:45,752 p=1182741 u=mukesh n=ansible INFO| ok: [ec2-3-111-150-107.ap-south-1.compute.amazonaws.com]
2026-01-01 18:25:45,757 p=1182741 u=mukesh n=ansible INFO| TASK [app_server : Install packages on Debian/Ubuntu] ************************************************************************************
2026-01-01 18:25:52,832 p=1182741 u=mukesh n=ansible INFO| ok: [ec2-3-111-150-107.ap-south-1.compute.amazonaws.com]
2026-01-01 18:25:52,841 p=1182741 u=mukesh n=ansible INFO| TASK [app_server : Enable extras repo for Maven (Amazon Linux)] **************************************************************************
2026-01-01 18:25:52,855 p=1182741 u=mukesh n=ansible INFO| skipping: [ec2-3-111-150-107.ap-south-1.compute.amazonaws.com]
2026-01-01 18:25:52,863 p=1182741 u=mukesh n=ansible INFO| TASK [app_server : Install packages on RedHat/Amazon Linux] ******************************************************************************
2026-01-01 18:25:52,877 p=1182741 u=mukesh n=ansible INFO| skipping: [ec2-3-111-150-107.ap-south-1.compute.amazonaws.com]
2026-01-01 18:25:52,883 p=1182741 u=mukesh n=ansible INFO| TASK [app_server : Install Maven via EPEL (Amazon Linux)] ********************************************************************************
2026-01-01 18:25:52,897 p=1182741 u=mukesh n=ansible INFO| skipping: [ec2-3-111-150-107.ap-south-1.compute.amazonaws.com]
2026-01-01 18:25:52,902 p=1182741 u=mukesh n=ansible INFO| TASK [app_server : Clone application repo] ***********************************************************************************************
2026-01-01 18:25:54,541 p=1182741 u=mukesh n=ansible INFO| ok: [ec2-3-111-150-107.ap-south-1.compute.amazonaws.com]
2026-01-01 18:25:54,546 p=1182741 u=mukesh n=ansible INFO| TASK [app_server : Build application] ****************************************************************************************************
2026-01-01 18:26:01,216 p=1182741 u=mukesh n=ansible INFO| changed: [ec2-3-111-150-107.ap-south-1.compute.amazonaws.com]
2026-01-01 18:26:01,222 p=1182741 u=mukesh n=ansible INFO| TASK [app_server : Find built JAR file] **************************************************************************************************
2026-01-01 18:26:01,870 p=1182741 u=mukesh n=ansible INFO| ok: [ec2-3-111-150-107.ap-south-1.compute.amazonaws.com]
2026-01-01 18:26:01,885 p=1182741 u=mukesh n=ansible INFO| TASK [app_server : Fail if no JAR was built] *********************************************************************************************
2026-01-01 18:26:01,917 p=1182741 u=mukesh n=ansible INFO| skipping: [ec2-3-111-150-107.ap-south-1.compute.amazonaws.com]
2026-01-01 18:26:01,932 p=1182741 u=mukesh n=ansible INFO| TASK [app_server : Create systemd service] ***********************************************************************************************
2026-01-01 18:26:03,383 p=1182741 u=mukesh n=ansible INFO| ok: [ec2-3-111-150-107.ap-south-1.compute.amazonaws.com]
2026-01-01 18:26:03,393 p=1182741 u=mukesh n=ansible INFO| TASK [app_server : Enable and start app] *************************************************************************************************
2026-01-01 18:26:04,342 p=1182741 u=mukesh n=ansible INFO| ok: [ec2-3-111-150-107.ap-south-1.compute.amazonaws.com]
2026-01-01 18:26:04,355 p=1182741 u=mukesh n=ansible INFO| TASK [node_exporter : Install Node Exporter on RedHat] ***********************************************************************************
2026-01-01 18:26:04,368 p=1182741 u=mukesh n=ansible INFO| skipping: [ec2-3-111-150-107.ap-south-1.compute.amazonaws.com]
2026-01-01 18:26:04,377 p=1182741 u=mukesh n=ansible INFO| TASK [node_exporter : Install Node Exporter on Ubuntu/Debian] ****************************************************************************
2026-01-01 18:26:04,411 p=1182741 u=mukesh n=ansible INFO| included: /home/mukesh/Ansible-git-push/Assignment5a/roles/node_exporter/tasks/ubuntu.yml for ec2-3-111-150-107.ap-south-1.compute.amazonaws.com
2026-01-01 18:26:04,416 p=1182741 u=mukesh n=ansible INFO| TASK [node_exporter : Create node exporter user] *****************************************************************************************
2026-01-01 18:26:05,191 p=1182741 u=mukesh n=ansible INFO| ok: [ec2-3-111-150-107.ap-south-1.compute.amazonaws.com]
2026-01-01 18:26:05,196 p=1182741 u=mukesh n=ansible INFO| TASK [node_exporter : Download Node Exporter archive] ************************************************************************************
2026-01-01 18:26:06,321 p=1182741 u=mukesh n=ansible INFO| ok: [ec2-3-111-150-107.ap-south-1.compute.amazonaws.com]
2026-01-01 18:26:06,333 p=1182741 u=mukesh n=ansible INFO| TASK [node_exporter : Extract Node Exporter binary] **************************************************************************************
2026-01-01 18:26:06,665 p=1182741 u=mukesh n=ansible INFO| skipping: [ec2-3-111-150-107.ap-south-1.compute.amazonaws.com]
2026-01-01 18:26:06,674 p=1182741 u=mukesh n=ansible INFO| TASK [node_exporter : Ensure Node Exporter binary is executable] *************************************************************************
2026-01-01 18:26:07,140 p=1182741 u=mukesh n=ansible INFO| ok: [ec2-3-111-150-107.ap-south-1.compute.amazonaws.com]
2026-01-01 18:26:07,149 p=1182741 u=mukesh n=ansible INFO| TASK [node_exporter : Create systemd service] ********************************************************************************************
2026-01-01 18:26:08,306 p=1182741 u=mukesh n=ansible INFO| ok: [ec2-3-111-150-107.ap-south-1.compute.amazonaws.com]
2026-01-01 18:26:08,324 p=1182741 u=mukesh n=ansible INFO| RUNNING HANDLER [app_server : restart application] ***************************************************************************************
2026-01-01 18:26:09,152 p=1182741 u=mukesh n=ansible INFO| changed: [ec2-3-111-150-107.ap-south-1.compute.amazonaws.com]
2026-01-01 18:26:09,159 p=1182741 u=mukesh n=ansible INFO| PLAY [Configure Monitoring Stack] ********************************************************************************************************
2026-01-01 18:26:09,170 p=1182741 u=mukesh n=ansible INFO| TASK [prometheus : Install Prometheus on RedHat] *****************************************************************************************
2026-01-01 18:26:09,196 p=1182741 u=mukesh n=ansible INFO| included: /home/mukesh/Ansible-git-push/Assignment5a/roles/prometheus/tasks/redhat.yml for ec2-3-110-197-121.ap-south-1.compute.amazonaws.com
2026-01-01 18:26:09,200 p=1182741 u=mukesh n=ansible INFO| TASK [prometheus : Ensure Prometheus user exists] ****************************************************************************************
2026-01-01 18:26:21,243 p=1182741 u=mukesh n=ansible ERROR| [ERROR]: Task failed: Timeout (12s) waiting for privilege escalation prompt:
Origin: /home/mukesh/Ansible-git-push/Assignment5a/roles/prometheus/tasks/redhat.yml:2:3

1 ---
2 - name: Ensure Prometheus user exists
    ^ column 3


2026-01-01 18:26:21,244 p=1182741 u=mukesh n=ansible INFO| fatal: [ec2-3-110-197-121.ap-south-1.compute.amazonaws.com]: UNREACHABLE! => changed=false 
  msg: 'Task failed: Timeout (12s) waiting for privilege escalation prompt:'
  unreachable: true
2026-01-01 18:26:21,245 p=1182741 u=mukesh n=ansible INFO| PLAY RECAP *******************************************************************************************************************************
2026-01-01 18:26:21,246 p=1182741 u=mukesh n=ansible INFO| ec2-3-110-197-121.ap-south-1.compute.amazonaws.com : ok=1    changed=0    unreachable=1    failed=0    skipped=0    rescued=0    ignored=0   
2026-01-01 18:26:21,246 p=1182741 u=mukesh n=ansible INFO| ec2-3-111-150-107.ap-south-1.compute.amazonaws.com : ok=13   changed=2    unreachable=0    failed=0    skipped=6    rescued=0    ignored=0   
2026-01-01 18:28:39,481 p=1184025 u=mukesh n=ansible INFO| PLAY [Configure Application Server] ******************************************************************************************************
2026-01-01 18:28:39,498 p=1184025 u=mukesh n=ansible WARNING| [WARNING]: Found variable using reserved name 'tags'.
Origin: <unknown>

tags


2026-01-01 18:28:39,500 p=1184025 u=mukesh n=ansible INFO| TASK [app_server : Load OS specific vars] ************************************************************************************************
2026-01-01 18:28:39,530 p=1184025 u=mukesh n=ansible INFO| ok: [ec2-3-111-150-107.ap-south-1.compute.amazonaws.com]
2026-01-01 18:28:39,534 p=1184025 u=mukesh n=ansible INFO| TASK [app_server : Install packages on Debian/Ubuntu] ************************************************************************************
2026-01-01 18:28:47,092 p=1184025 u=mukesh n=ansible INFO| ok: [ec2-3-111-150-107.ap-south-1.compute.amazonaws.com]
2026-01-01 18:28:47,105 p=1184025 u=mukesh n=ansible INFO| TASK [app_server : Enable extras repo for Maven (Amazon Linux)] **************************************************************************
2026-01-01 18:28:47,128 p=1184025 u=mukesh n=ansible INFO| skipping: [ec2-3-111-150-107.ap-south-1.compute.amazonaws.com]
2026-01-01 18:28:47,135 p=1184025 u=mukesh n=ansible INFO| TASK [app_server : Install packages on RedHat/Amazon Linux] ******************************************************************************
2026-01-01 18:28:47,149 p=1184025 u=mukesh n=ansible INFO| skipping: [ec2-3-111-150-107.ap-south-1.compute.amazonaws.com]
2026-01-01 18:28:47,153 p=1184025 u=mukesh n=ansible INFO| TASK [app_server : Install Maven via EPEL (Amazon Linux)] ********************************************************************************
2026-01-01 18:28:47,165 p=1184025 u=mukesh n=ansible INFO| skipping: [ec2-3-111-150-107.ap-south-1.compute.amazonaws.com]
2026-01-01 18:28:47,170 p=1184025 u=mukesh n=ansible INFO| TASK [app_server : Clone application repo] ***********************************************************************************************
2026-01-01 18:28:48,749 p=1184025 u=mukesh n=ansible INFO| ok: [ec2-3-111-150-107.ap-south-1.compute.amazonaws.com]
2026-01-01 18:28:48,753 p=1184025 u=mukesh n=ansible INFO| TASK [app_server : Build application] ****************************************************************************************************
2026-01-01 18:28:56,308 p=1184025 u=mukesh n=ansible INFO| changed: [ec2-3-111-150-107.ap-south-1.compute.amazonaws.com]
2026-01-01 18:28:56,316 p=1184025 u=mukesh n=ansible INFO| TASK [app_server : Find built JAR file] **************************************************************************************************
2026-01-01 18:28:56,964 p=1184025 u=mukesh n=ansible INFO| ok: [ec2-3-111-150-107.ap-south-1.compute.amazonaws.com]
2026-01-01 18:28:56,973 p=1184025 u=mukesh n=ansible INFO| TASK [app_server : Fail if no JAR was built] *********************************************************************************************
2026-01-01 18:28:56,986 p=1184025 u=mukesh n=ansible INFO| skipping: [ec2-3-111-150-107.ap-south-1.compute.amazonaws.com]
2026-01-01 18:28:56,991 p=1184025 u=mukesh n=ansible INFO| TASK [app_server : Create systemd service] ***********************************************************************************************
2026-01-01 18:28:58,823 p=1184025 u=mukesh n=ansible INFO| ok: [ec2-3-111-150-107.ap-south-1.compute.amazonaws.com]
2026-01-01 18:28:58,831 p=1184025 u=mukesh n=ansible INFO| TASK [app_server : Enable and start app] *************************************************************************************************
2026-01-01 18:28:59,904 p=1184025 u=mukesh n=ansible INFO| ok: [ec2-3-111-150-107.ap-south-1.compute.amazonaws.com]
2026-01-01 18:28:59,931 p=1184025 u=mukesh n=ansible INFO| TASK [node_exporter : Install Node Exporter on RedHat] ***********************************************************************************
2026-01-01 18:28:59,958 p=1184025 u=mukesh n=ansible INFO| skipping: [ec2-3-111-150-107.ap-south-1.compute.amazonaws.com]
2026-01-01 18:28:59,971 p=1184025 u=mukesh n=ansible INFO| TASK [node_exporter : Install Node Exporter on Ubuntu/Debian] ****************************************************************************
2026-01-01 18:29:00,001 p=1184025 u=mukesh n=ansible INFO| included: /home/mukesh/Ansible-git-push/Assignment5a/roles/node_exporter/tasks/ubuntu.yml for ec2-3-111-150-107.ap-south-1.compute.amazonaws.com
2026-01-01 18:29:00,004 p=1184025 u=mukesh n=ansible INFO| TASK [node_exporter : Create node exporter user] *****************************************************************************************
2026-01-01 18:29:00,710 p=1184025 u=mukesh n=ansible INFO| ok: [ec2-3-111-150-107.ap-south-1.compute.amazonaws.com]
2026-01-01 18:29:00,721 p=1184025 u=mukesh n=ansible INFO| TASK [node_exporter : Download Node Exporter archive] ************************************************************************************
2026-01-01 18:29:01,749 p=1184025 u=mukesh n=ansible INFO| ok: [ec2-3-111-150-107.ap-south-1.compute.amazonaws.com]
2026-01-01 18:29:01,760 p=1184025 u=mukesh n=ansible INFO| TASK [node_exporter : Extract Node Exporter binary] **************************************************************************************
2026-01-01 18:29:02,109 p=1184025 u=mukesh n=ansible INFO| skipping: [ec2-3-111-150-107.ap-south-1.compute.amazonaws.com]
2026-01-01 18:29:02,121 p=1184025 u=mukesh n=ansible INFO| TASK [node_exporter : Ensure Node Exporter binary is executable] *************************************************************************
2026-01-01 18:29:02,665 p=1184025 u=mukesh n=ansible INFO| ok: [ec2-3-111-150-107.ap-south-1.compute.amazonaws.com]
2026-01-01 18:29:02,673 p=1184025 u=mukesh n=ansible INFO| TASK [node_exporter : Create systemd service] ********************************************************************************************
2026-01-01 18:29:03,755 p=1184025 u=mukesh n=ansible INFO| ok: [ec2-3-111-150-107.ap-south-1.compute.amazonaws.com]
2026-01-01 18:29:03,771 p=1184025 u=mukesh n=ansible INFO| RUNNING HANDLER [app_server : restart application] ***************************************************************************************
2026-01-01 18:29:04,604 p=1184025 u=mukesh n=ansible INFO| changed: [ec2-3-111-150-107.ap-south-1.compute.amazonaws.com]
2026-01-01 18:29:04,608 p=1184025 u=mukesh n=ansible INFO| PLAY [Configure Monitoring Stack] ********************************************************************************************************
2026-01-01 18:29:04,616 p=1184025 u=mukesh n=ansible INFO| TASK [prometheus : Install Prometheus on RedHat] *****************************************************************************************
2026-01-01 18:29:04,644 p=1184025 u=mukesh n=ansible INFO| included: /home/mukesh/Ansible-git-push/Assignment5a/roles/prometheus/tasks/redhat.yml for ec2-3-110-197-121.ap-south-1.compute.amazonaws.com
2026-01-01 18:29:04,647 p=1184025 u=mukesh n=ansible INFO| TASK [prometheus : Ensure Prometheus user exists] ****************************************************************************************
2026-01-01 18:29:16,890 p=1184025 u=mukesh n=ansible INFO| ok: [ec2-3-110-197-121.ap-south-1.compute.amazonaws.com]
2026-01-01 18:29:16,898 p=1184025 u=mukesh n=ansible INFO| TASK [prometheus : Create required directories] ******************************************************************************************
2026-01-01 18:29:17,494 p=1184025 u=mukesh n=ansible INFO| ok: [ec2-3-110-197-121.ap-south-1.compute.amazonaws.com] => (item=/opt/prometheus)
2026-01-01 18:29:18,014 p=1184025 u=mukesh n=ansible INFO| ok: [ec2-3-110-197-121.ap-south-1.compute.amazonaws.com] => (item=/var/lib/prometheus)
2026-01-01 18:29:18,498 p=1184025 u=mukesh n=ansible INFO| ok: [ec2-3-110-197-121.ap-south-1.compute.amazonaws.com] => (item=/etc/prometheus)
2026-01-01 18:29:18,513 p=1184025 u=mukesh n=ansible INFO| TASK [prometheus : Download Prometheus tarball] ******************************************************************************************
2026-01-01 18:29:19,855 p=1184025 u=mukesh n=ansible INFO| ok: [ec2-3-110-197-121.ap-south-1.compute.amazonaws.com]
2026-01-01 18:29:19,859 p=1184025 u=mukesh n=ansible INFO| TASK [prometheus : Extract Prometheus] ***************************************************************************************************
2026-01-01 18:29:25,488 p=1184025 u=mukesh n=ansible INFO| ok: [ec2-3-110-197-121.ap-south-1.compute.amazonaws.com]
2026-01-01 18:29:25,497 p=1184025 u=mukesh n=ansible INFO| TASK [prometheus : Install Prometheus binaries] ******************************************************************************************
2026-01-01 18:29:27,512 p=1184025 u=mukesh n=ansible INFO| ok: [ec2-3-110-197-121.ap-south-1.compute.amazonaws.com] => (item=prometheus)
2026-01-01 18:29:29,578 p=1184025 u=mukesh n=ansible INFO| ok: [ec2-3-110-197-121.ap-south-1.compute.amazonaws.com] => (item=promtool)
2026-01-01 18:29:29,585 p=1184025 u=mukesh n=ansible INFO| TASK [prometheus : Copy Prometheus console files] ****************************************************************************************
2026-01-01 18:29:30,490 p=1184025 u=mukesh n=ansible INFO| ok: [ec2-3-110-197-121.ap-south-1.compute.amazonaws.com] => (item=consoles)
2026-01-01 18:29:31,373 p=1184025 u=mukesh n=ansible INFO| ok: [ec2-3-110-197-121.ap-south-1.compute.amazonaws.com] => (item=console_libraries)
2026-01-01 18:29:31,386 p=1184025 u=mukesh n=ansible INFO| TASK [prometheus : Copy Prometheus config] ***********************************************************************************************
2026-01-01 18:29:32,751 p=1184025 u=mukesh n=ansible INFO| ok: [ec2-3-110-197-121.ap-south-1.compute.amazonaws.com]
2026-01-01 18:29:32,758 p=1184025 u=mukesh n=ansible INFO| TASK [prometheus : Create Prometheus systemd service] ************************************************************************************
2026-01-01 18:29:34,083 p=1184025 u=mukesh n=ansible INFO| ok: [ec2-3-110-197-121.ap-south-1.compute.amazonaws.com]
2026-01-01 18:29:34,093 p=1184025 u=mukesh n=ansible INFO| TASK [prometheus : Reload systemd daemon] ************************************************************************************************
2026-01-01 18:29:34,820 p=1184025 u=mukesh n=ansible INFO| changed: [ec2-3-110-197-121.ap-south-1.compute.amazonaws.com]
2026-01-01 18:29:34,829 p=1184025 u=mukesh n=ansible INFO| TASK [prometheus : Ensure Prometheus service is enabled and running] *********************************************************************
2026-01-01 18:29:36,009 p=1184025 u=mukesh n=ansible INFO| ok: [ec2-3-110-197-121.ap-south-1.compute.amazonaws.com]
2026-01-01 18:29:36,031 p=1184025 u=mukesh n=ansible INFO| TASK [prometheus : Install Prometheus on Ubuntu/Debian] **********************************************************************************
2026-01-01 18:29:36,056 p=1184025 u=mukesh n=ansible INFO| skipping: [ec2-3-110-197-121.ap-south-1.compute.amazonaws.com]
2026-01-01 18:29:36,088 p=1184025 u=mukesh n=ansible INFO| TASK [grafana : include_tasks] ***********************************************************************************************************
2026-01-01 18:29:36,137 p=1184025 u=mukesh n=ansible INFO| included: /home/mukesh/Ansible-git-push/Assignment5a/roles/grafana/tasks/redhat.yml for ec2-3-110-197-121.ap-south-1.compute.amazonaws.com
2026-01-01 18:29:36,141 p=1184025 u=mukesh n=ansible INFO| TASK [grafana : Ensure Grafana repo exists (RedHat only)] ********************************************************************************
2026-01-01 18:29:38,707 p=1184025 u=mukesh n=ansible INFO| ok: [ec2-3-110-197-121.ap-south-1.compute.amazonaws.com]
2026-01-01 18:29:38,737 p=1184025 u=mukesh n=ansible INFO| TASK [grafana : Install Grafana] *********************************************************************************************************
2026-01-01 18:29:40,610 p=1184025 u=mukesh n=ansible INFO| ok: [ec2-3-110-197-121.ap-south-1.compute.amazonaws.com]
2026-01-01 18:29:40,615 p=1184025 u=mukesh n=ansible INFO| TASK [grafana : Install dependencies (RedHat only)] **************************************************************************************
2026-01-01 18:29:42,075 p=1184025 u=mukesh n=ansible INFO| ok: [ec2-3-110-197-121.ap-south-1.compute.amazonaws.com]
2026-01-01 18:29:42,079 p=1184025 u=mukesh n=ansible INFO| TASK [grafana : Stop Grafana service if exists] ******************************************************************************************
2026-01-01 18:29:43,858 p=1184025 u=mukesh n=ansible INFO| ok: [ec2-3-110-197-121.ap-south-1.compute.amazonaws.com]
2026-01-01 18:29:43,870 p=1184025 u=mukesh n=ansible INFO| TASK [grafana : Create provisioning and dashboard directories] ***************************************************************************
2026-01-01 18:29:44,440 p=1184025 u=mukesh n=ansible INFO| ok: [ec2-3-110-197-121.ap-south-1.compute.amazonaws.com] => (item=/etc/grafana/provisioning/datasources)
2026-01-01 18:29:44,946 p=1184025 u=mukesh n=ansible INFO| ok: [ec2-3-110-197-121.ap-south-1.compute.amazonaws.com] => (item=/etc/grafana/provisioning/dashboards)
2026-01-01 18:29:45,460 p=1184025 u=mukesh n=ansible INFO| ok: [ec2-3-110-197-121.ap-south-1.compute.amazonaws.com] => (item=/var/lib/grafana/dashboards)
2026-01-01 18:29:45,471 p=1184025 u=mukesh n=ansible INFO| TASK [grafana : Copy Prometheus datasource] **********************************************************************************************
2026-01-01 18:29:46,676 p=1184025 u=mukesh n=ansible INFO| ok: [ec2-3-110-197-121.ap-south-1.compute.amazonaws.com]
2026-01-01 18:29:46,694 p=1184025 u=mukesh n=ansible INFO| TASK [grafana : Copy dashboard provider config] ******************************************************************************************
2026-01-01 18:29:48,221 p=1184025 u=mukesh n=ansible INFO| ok: [ec2-3-110-197-121.ap-south-1.compute.amazonaws.com]
2026-01-01 18:29:48,230 p=1184025 u=mukesh n=ansible INFO| TASK [grafana : Deploy Grafana dashboards] ***********************************************************************************************
2026-01-01 18:29:50,311 p=1184025 u=mukesh n=ansible INFO| ok: [ec2-3-110-197-121.ap-south-1.compute.amazonaws.com] => (item=node-exporter.json)
2026-01-01 18:29:51,903 p=1184025 u=mukesh n=ansible INFO| ok: [ec2-3-110-197-121.ap-south-1.compute.amazonaws.com] => (item=prometheus.json)
2026-01-01 18:29:53,886 p=1184025 u=mukesh n=ansible INFO| ok: [ec2-3-110-197-121.ap-south-1.compute.amazonaws.com] => (item=blackbox.json)
2026-01-01 18:29:53,891 p=1184025 u=mukesh n=ansible INFO| TASK [grafana : Set SELinux context for Grafana data] ************************************************************************************
2026-01-01 18:29:54,616 p=1184025 u=mukesh n=ansible ERROR| [ERROR]: Task failed: Module failed: non-zero return code
Origin: /home/mukesh/Ansible-git-push/Assignment5a/roles/grafana/tasks/redhat.yml:85:3

83
84 # SELinux fixes (RedHat only)
85 - name: Set SELinux context for Grafana data
     ^ column 3


2026-01-01 18:29:54,618 p=1184025 u=mukesh n=ansible INFO| fatal: [ec2-3-110-197-121.ap-south-1.compute.amazonaws.com]: FAILED! => changed=true 
  cmd:
  - chcon
  - -R
  - -t
  - grafana_var_lib_t
  - /var/lib/grafana
  delta: '0:00:00.005038'
  end: '2026-01-01 12:59:54.579351'
  msg: non-zero return code
  rc: 1
  start: '2026-01-01 12:59:54.574313'
  stderr: |-
    chcon: failed to change context of 'node-exporter.json' to ‘system_u:object_r:grafana_var_lib_t:s0’: Invalid argument
    chcon: failed to change context of 'prometheus.json' to ‘system_u:object_r:grafana_var_lib_t:s0’: Invalid argument
    chcon: failed to change context of 'blackbox.json' to ‘system_u:object_r:grafana_var_lib_t:s0’: Invalid argument
    chcon: failed to change context of 'dashboards' to ‘unconfined_u:object_r:grafana_var_lib_t:s0’: Invalid argument
    chcon: failed to change context of '/var/lib/grafana' to ‘unconfined_u:object_r:grafana_var_lib_t:s0’: Invalid argument
  stderr_lines: <omitted>
  stdout: ''
  stdout_lines: <omitted>
2026-01-01 18:29:54,618 p=1184025 u=mukesh n=ansible INFO| ...ignoring
2026-01-01 18:29:54,624 p=1184025 u=mukesh n=ansible INFO| TASK [grafana : Ensure firewalld is installed and started] *******************************************************************************
2026-01-01 18:29:56,103 p=1184025 u=mukesh n=ansible INFO| ok: [ec2-3-110-197-121.ap-south-1.compute.amazonaws.com]
2026-01-01 18:29:56,108 p=1184025 u=mukesh n=ansible INFO| TASK [grafana : Start firewalld] *********************************************************************************************************
2026-01-01 18:29:57,637 p=1184025 u=mukesh n=ansible INFO| ok: [ec2-3-110-197-121.ap-south-1.compute.amazonaws.com]
2026-01-01 18:29:57,642 p=1184025 u=mukesh n=ansible INFO| TASK [grafana : Open Prometheus port] ****************************************************************************************************
2026-01-01 18:29:58,616 p=1184025 u=mukesh n=ansible INFO| ok: [ec2-3-110-197-121.ap-south-1.compute.amazonaws.com]
2026-01-01 18:29:58,625 p=1184025 u=mukesh n=ansible INFO| TASK [grafana : Open blackbox exporter port] *********************************************************************************************
2026-01-01 18:29:59,321 p=1184025 u=mukesh n=ansible INFO| ok: [ec2-3-110-197-121.ap-south-1.compute.amazonaws.com]
2026-01-01 18:29:59,328 p=1184025 u=mukesh n=ansible INFO| TASK [grafana : Open Grafana port] *******************************************************************************************************
2026-01-01 18:30:00,232 p=1184025 u=mukesh n=ansible INFO| ok: [ec2-3-110-197-121.ap-south-1.compute.amazonaws.com]
2026-01-01 18:30:00,237 p=1184025 u=mukesh n=ansible INFO| TASK [grafana : Reload firewalld] ********************************************************************************************************
2026-01-01 18:30:03,066 p=1184025 u=mukesh n=ansible INFO| changed: [ec2-3-110-197-121.ap-south-1.compute.amazonaws.com]
2026-01-01 18:30:03,074 p=1184025 u=mukesh n=ansible INFO| TASK [grafana : Enable and start Grafana] ************************************************************************************************
2026-01-01 18:30:12,660 p=1184025 u=mukesh n=ansible INFO| changed: [ec2-3-110-197-121.ap-south-1.compute.amazonaws.com]
2026-01-01 18:30:12,680 p=1184025 u=mukesh n=ansible INFO| TASK [grafana : include_tasks] ***********************************************************************************************************
2026-01-01 18:30:12,714 p=1184025 u=mukesh n=ansible INFO| skipping: [ec2-3-110-197-121.ap-south-1.compute.amazonaws.com]
2026-01-01 18:30:12,720 p=1184025 u=mukesh n=ansible INFO| TASK [blackbox : Install Blackbox exporter on RedHat] ************************************************************************************
2026-01-01 18:30:12,754 p=1184025 u=mukesh n=ansible INFO| included: /home/mukesh/Ansible-git-push/Assignment5a/roles/blackbox/tasks/redhat.yml for ec2-3-110-197-121.ap-south-1.compute.amazonaws.com
2026-01-01 18:30:12,757 p=1184025 u=mukesh n=ansible INFO| TASK [blackbox : Create blackbox user] ***************************************************************************************************
2026-01-01 18:30:14,051 p=1184025 u=mukesh n=ansible INFO| changed: [ec2-3-110-197-121.ap-south-1.compute.amazonaws.com]
2026-01-01 18:30:14,060 p=1184025 u=mukesh n=ansible INFO| TASK [blackbox : Download blackbox exporter] *********************************************************************************************
2026-01-01 18:30:15,564 p=1184025 u=mukesh n=ansible INFO| changed: [ec2-3-110-197-121.ap-south-1.compute.amazonaws.com]
2026-01-01 18:30:15,568 p=1184025 u=mukesh n=ansible INFO| TASK [blackbox : Extract blackbox exporter] **********************************************************************************************
2026-01-01 18:30:17,975 p=1184025 u=mukesh n=ansible INFO| changed: [ec2-3-110-197-121.ap-south-1.compute.amazonaws.com]
2026-01-01 18:30:17,979 p=1184025 u=mukesh n=ansible INFO| TASK [blackbox : Install blackbox binary] ************************************************************************************************
2026-01-01 18:30:18,956 p=1184025 u=mukesh n=ansible INFO| changed: [ec2-3-110-197-121.ap-south-1.compute.amazonaws.com]
2026-01-01 18:30:18,963 p=1184025 u=mukesh n=ansible INFO| TASK [blackbox : Copy blackbox config] ***************************************************************************************************
2026-01-01 18:30:20,689 p=1184025 u=mukesh n=ansible INFO| changed: [ec2-3-110-197-121.ap-south-1.compute.amazonaws.com]
2026-01-01 18:30:20,696 p=1184025 u=mukesh n=ansible INFO| TASK [blackbox : Set SELinux context for blackbox config] ********************************************************************************
2026-01-01 18:30:22,946 p=1184025 u=mukesh n=ansible INFO| changed: [ec2-3-110-197-121.ap-south-1.compute.amazonaws.com]
2026-01-01 18:30:22,985 p=1184025 u=mukesh n=ansible INFO| TASK [blackbox : Set SELinux context for blackbox binary] ********************************************************************************
2026-01-01 18:30:24,777 p=1184025 u=mukesh n=ansible INFO| changed: [ec2-3-110-197-121.ap-south-1.compute.amazonaws.com]
2026-01-01 18:30:24,782 p=1184025 u=mukesh n=ansible INFO| TASK [blackbox : Apply SELinux contexts] *************************************************************************************************
2026-01-01 18:30:25,762 p=1184025 u=mukesh n=ansible INFO| changed: [ec2-3-110-197-121.ap-south-1.compute.amazonaws.com]
2026-01-01 18:30:25,767 p=1184025 u=mukesh n=ansible INFO| TASK [blackbox : Create systemd service] *************************************************************************************************
2026-01-01 18:30:28,550 p=1184025 u=mukesh n=ansible INFO| changed: [ec2-3-110-197-121.ap-south-1.compute.amazonaws.com]
2026-01-01 18:30:28,556 p=1184025 u=mukesh n=ansible INFO| TASK [blackbox : Reload systemd] *********************************************************************************************************
2026-01-01 18:30:30,645 p=1184025 u=mukesh n=ansible INFO| changed: [ec2-3-110-197-121.ap-south-1.compute.amazonaws.com]
2026-01-01 18:30:30,656 p=1184025 u=mukesh n=ansible INFO| TASK [blackbox : Enable and start blackbox exporter] *************************************************************************************
2026-01-01 18:30:31,853 p=1184025 u=mukesh n=ansible INFO| changed: [ec2-3-110-197-121.ap-south-1.compute.amazonaws.com]
2026-01-01 18:30:31,859 p=1184025 u=mukesh n=ansible INFO| TASK [blackbox : Install Blackbox exporter on Ubuntu/Debian] *****************************************************************************
2026-01-01 18:30:31,872 p=1184025 u=mukesh n=ansible INFO| skipping: [ec2-3-110-197-121.ap-south-1.compute.amazonaws.com]
2026-01-01 18:30:31,879 p=1184025 u=mukesh n=ansible INFO| PLAY RECAP *******************************************************************************************************************************
2026-01-01 18:30:31,880 p=1184025 u=mukesh n=ansible INFO| ec2-3-110-197-121.ap-south-1.compute.amazonaws.com : ok=40   changed=15   unreachable=0    failed=0    skipped=3    rescued=0    ignored=1   
2026-01-01 18:30:31,880 p=1184025 u=mukesh n=ansible INFO| ec2-3-111-150-107.ap-south-1.compute.amazonaws.com : ok=13   changed=2    unreachable=0    failed=0    skipped=6    rescued=0    ignored=0   
2026-01-01 18:31:33,148 p=1185770 u=mukesh n=ansible INFO| PLAY [Configure Application Server] ******************************************************************************************************
2026-01-01 18:31:33,164 p=1185770 u=mukesh n=ansible WARNING| [WARNING]: Found variable using reserved name 'tags'.
Origin: <unknown>

tags


2026-01-01 18:31:33,165 p=1185770 u=mukesh n=ansible INFO| TASK [app_server : Load OS specific vars] ************************************************************************************************
2026-01-01 18:31:33,195 p=1185770 u=mukesh n=ansible INFO| ok: [ec2-3-111-150-107.ap-south-1.compute.amazonaws.com]
2026-01-01 18:31:33,200 p=1185770 u=mukesh n=ansible INFO| TASK [app_server : Install packages on Debian/Ubuntu] ************************************************************************************
2026-01-01 18:31:40,559 p=1185770 u=mukesh n=ansible INFO| ok: [ec2-3-111-150-107.ap-south-1.compute.amazonaws.com]
2026-01-01 18:31:40,566 p=1185770 u=mukesh n=ansible INFO| TASK [app_server : Enable extras repo for Maven (Amazon Linux)] **************************************************************************
2026-01-01 18:31:40,582 p=1185770 u=mukesh n=ansible INFO| skipping: [ec2-3-111-150-107.ap-south-1.compute.amazonaws.com]
2026-01-01 18:31:40,587 p=1185770 u=mukesh n=ansible INFO| TASK [app_server : Install packages on RedHat/Amazon Linux] ******************************************************************************
2026-01-01 18:31:40,601 p=1185770 u=mukesh n=ansible INFO| skipping: [ec2-3-111-150-107.ap-south-1.compute.amazonaws.com]
2026-01-01 18:31:40,607 p=1185770 u=mukesh n=ansible INFO| TASK [app_server : Install Maven via EPEL (Amazon Linux)] ********************************************************************************
2026-01-01 18:31:40,620 p=1185770 u=mukesh n=ansible INFO| skipping: [ec2-3-111-150-107.ap-south-1.compute.amazonaws.com]
2026-01-01 18:31:40,626 p=1185770 u=mukesh n=ansible INFO| TASK [app_server : Clone application repo] ***********************************************************************************************
2026-01-01 18:31:42,340 p=1185770 u=mukesh n=ansible INFO| ok: [ec2-3-111-150-107.ap-south-1.compute.amazonaws.com]
2026-01-01 18:31:42,346 p=1185770 u=mukesh n=ansible INFO| TASK [app_server : Build application] ****************************************************************************************************
2026-01-01 18:31:50,701 p=1185770 u=mukesh n=ansible INFO| changed: [ec2-3-111-150-107.ap-south-1.compute.amazonaws.com]
2026-01-01 18:31:50,709 p=1185770 u=mukesh n=ansible INFO| TASK [app_server : Find built JAR file] **************************************************************************************************
2026-01-01 18:31:51,309 p=1185770 u=mukesh n=ansible INFO| ok: [ec2-3-111-150-107.ap-south-1.compute.amazonaws.com]
2026-01-01 18:31:51,317 p=1185770 u=mukesh n=ansible INFO| TASK [app_server : Fail if no JAR was built] *********************************************************************************************
2026-01-01 18:31:51,329 p=1185770 u=mukesh n=ansible INFO| skipping: [ec2-3-111-150-107.ap-south-1.compute.amazonaws.com]
2026-01-01 18:31:51,334 p=1185770 u=mukesh n=ansible INFO| TASK [app_server : Create systemd service] ***********************************************************************************************
2026-01-01 18:31:52,736 p=1185770 u=mukesh n=ansible INFO| ok: [ec2-3-111-150-107.ap-south-1.compute.amazonaws.com]
2026-01-01 18:31:52,749 p=1185770 u=mukesh n=ansible INFO| TASK [app_server : Enable and start app] *************************************************************************************************
2026-01-01 18:31:53,871 p=1185770 u=mukesh n=ansible INFO| ok: [ec2-3-111-150-107.ap-south-1.compute.amazonaws.com]
2026-01-01 18:31:53,880 p=1185770 u=mukesh n=ansible INFO| TASK [node_exporter : Install Node Exporter on RedHat] ***********************************************************************************
2026-01-01 18:31:53,891 p=1185770 u=mukesh n=ansible INFO| skipping: [ec2-3-111-150-107.ap-south-1.compute.amazonaws.com]
2026-01-01 18:31:53,898 p=1185770 u=mukesh n=ansible INFO| TASK [node_exporter : Install Node Exporter on Ubuntu/Debian] ****************************************************************************
2026-01-01 18:31:53,925 p=1185770 u=mukesh n=ansible INFO| included: /home/mukesh/Ansible-git-push/Assignment5a/roles/node_exporter/tasks/ubuntu.yml for ec2-3-111-150-107.ap-south-1.compute.amazonaws.com
2026-01-01 18:31:53,928 p=1185770 u=mukesh n=ansible INFO| TASK [node_exporter : Create node exporter user] *****************************************************************************************
2026-01-01 18:31:54,887 p=1185770 u=mukesh n=ansible INFO| ok: [ec2-3-111-150-107.ap-south-1.compute.amazonaws.com]
2026-01-01 18:31:54,895 p=1185770 u=mukesh n=ansible INFO| TASK [node_exporter : Download Node Exporter archive] ************************************************************************************
2026-01-01 18:31:55,945 p=1185770 u=mukesh n=ansible INFO| ok: [ec2-3-111-150-107.ap-south-1.compute.amazonaws.com]
2026-01-01 18:31:55,972 p=1185770 u=mukesh n=ansible INFO| TASK [node_exporter : Extract Node Exporter binary] **************************************************************************************
2026-01-01 18:31:56,343 p=1185770 u=mukesh n=ansible INFO| skipping: [ec2-3-111-150-107.ap-south-1.compute.amazonaws.com]
2026-01-01 18:31:56,357 p=1185770 u=mukesh n=ansible INFO| TASK [node_exporter : Ensure Node Exporter binary is executable] *************************************************************************
2026-01-01 18:31:56,830 p=1185770 u=mukesh n=ansible INFO| ok: [ec2-3-111-150-107.ap-south-1.compute.amazonaws.com]
2026-01-01 18:31:56,835 p=1185770 u=mukesh n=ansible INFO| TASK [node_exporter : Create systemd service] ********************************************************************************************
2026-01-01 18:31:59,018 p=1185770 u=mukesh n=ansible INFO| ok: [ec2-3-111-150-107.ap-south-1.compute.amazonaws.com]
2026-01-01 18:31:59,031 p=1185770 u=mukesh n=ansible INFO| RUNNING HANDLER [app_server : restart application] ***************************************************************************************
2026-01-01 18:31:59,888 p=1185770 u=mukesh n=ansible INFO| changed: [ec2-3-111-150-107.ap-south-1.compute.amazonaws.com]
2026-01-01 18:31:59,907 p=1185770 u=mukesh n=ansible INFO| PLAY [Configure Monitoring Stack] ********************************************************************************************************
2026-01-01 18:31:59,952 p=1185770 u=mukesh n=ansible INFO| TASK [prometheus : Install Prometheus on RedHat] *****************************************************************************************
2026-01-01 18:32:00,026 p=1185770 u=mukesh n=ansible INFO| included: /home/mukesh/Ansible-git-push/Assignment5a/roles/prometheus/tasks/redhat.yml for ec2-3-110-197-121.ap-south-1.compute.amazonaws.com
2026-01-01 18:32:00,043 p=1185770 u=mukesh n=ansible INFO| TASK [prometheus : Ensure Prometheus user exists] ****************************************************************************************
2026-01-01 18:32:12,100 p=1185770 u=mukesh n=ansible ERROR| [ERROR]: Task failed: Timeout (12s) waiting for privilege escalation prompt:
Origin: /home/mukesh/Ansible-git-push/Assignment5a/roles/prometheus/tasks/redhat.yml:2:3

1 ---
2 - name: Ensure Prometheus user exists
    ^ column 3


2026-01-01 18:32:12,101 p=1185770 u=mukesh n=ansible INFO| fatal: [ec2-3-110-197-121.ap-south-1.compute.amazonaws.com]: UNREACHABLE! => changed=false 
  msg: 'Task failed: Timeout (12s) waiting for privilege escalation prompt:'
  unreachable: true
2026-01-01 18:32:12,102 p=1185770 u=mukesh n=ansible INFO| PLAY RECAP *******************************************************************************************************************************
2026-01-01 18:32:12,103 p=1185770 u=mukesh n=ansible INFO| ec2-3-110-197-121.ap-south-1.compute.amazonaws.com : ok=1    changed=0    unreachable=1    failed=0    skipped=0    rescued=0    ignored=0   
2026-01-01 18:32:12,103 p=1185770 u=mukesh n=ansible INFO| ec2-3-111-150-107.ap-south-1.compute.amazonaws.com : ok=13   changed=2    unreachable=0    failed=0    skipped=6    rescued=0    ignored=0   
2026-01-01 18:32:37,971 p=1186385 u=mukesh n=ansible INFO| PLAY [Configure Application Server] ******************************************************************************************************
2026-01-01 18:32:37,988 p=1186385 u=mukesh n=ansible WARNING| [WARNING]: Found variable using reserved name 'tags'.
Origin: <unknown>

tags


2026-01-01 18:32:37,990 p=1186385 u=mukesh n=ansible INFO| TASK [app_server : Load OS specific vars] ************************************************************************************************
2026-01-01 18:32:38,019 p=1186385 u=mukesh n=ansible INFO| ok: [ec2-3-111-150-107.ap-south-1.compute.amazonaws.com]
2026-01-01 18:32:38,024 p=1186385 u=mukesh n=ansible INFO| TASK [app_server : Install packages on Debian/Ubuntu] ************************************************************************************
2026-01-01 18:32:40,622 p=1186385 u=mukesh n=ansible INFO| ok: [ec2-3-111-150-107.ap-south-1.compute.amazonaws.com]
2026-01-01 18:32:40,633 p=1186385 u=mukesh n=ansible INFO| TASK [app_server : Enable extras repo for Maven (Amazon Linux)] **************************************************************************
2026-01-01 18:32:40,664 p=1186385 u=mukesh n=ansible INFO| skipping: [ec2-3-111-150-107.ap-south-1.compute.amazonaws.com]
2026-01-01 18:32:40,678 p=1186385 u=mukesh n=ansible INFO| TASK [app_server : Install packages on RedHat/Amazon Linux] ******************************************************************************
2026-01-01 18:32:40,695 p=1186385 u=mukesh n=ansible INFO| skipping: [ec2-3-111-150-107.ap-south-1.compute.amazonaws.com]
2026-01-01 18:32:40,704 p=1186385 u=mukesh n=ansible INFO| TASK [app_server : Install Maven via EPEL (Amazon Linux)] ********************************************************************************
2026-01-01 18:32:40,718 p=1186385 u=mukesh n=ansible INFO| skipping: [ec2-3-111-150-107.ap-south-1.compute.amazonaws.com]
2026-01-01 18:32:40,723 p=1186385 u=mukesh n=ansible INFO| TASK [app_server : Clone application repo] ***********************************************************************************************
2026-01-01 18:32:42,511 p=1186385 u=mukesh n=ansible INFO| ok: [ec2-3-111-150-107.ap-south-1.compute.amazonaws.com]
2026-01-01 18:32:42,519 p=1186385 u=mukesh n=ansible INFO| TASK [app_server : Build application] ****************************************************************************************************
2026-01-01 18:32:50,193 p=1186385 u=mukesh n=ansible INFO| changed: [ec2-3-111-150-107.ap-south-1.compute.amazonaws.com]
2026-01-01 18:32:50,201 p=1186385 u=mukesh n=ansible INFO| TASK [app_server : Find built JAR file] **************************************************************************************************
2026-01-01 18:32:50,853 p=1186385 u=mukesh n=ansible INFO| ok: [ec2-3-111-150-107.ap-south-1.compute.amazonaws.com]
2026-01-01 18:32:50,861 p=1186385 u=mukesh n=ansible INFO| TASK [app_server : Fail if no JAR was built] *********************************************************************************************
2026-01-01 18:32:50,873 p=1186385 u=mukesh n=ansible INFO| skipping: [ec2-3-111-150-107.ap-south-1.compute.amazonaws.com]
2026-01-01 18:32:50,881 p=1186385 u=mukesh n=ansible INFO| TASK [app_server : Create systemd service] ***********************************************************************************************
2026-01-01 18:32:52,200 p=1186385 u=mukesh n=ansible INFO| ok: [ec2-3-111-150-107.ap-south-1.compute.amazonaws.com]
2026-01-01 18:32:52,206 p=1186385 u=mukesh n=ansible INFO| TASK [app_server : Enable and start app] *************************************************************************************************
2026-01-01 18:32:53,473 p=1186385 u=mukesh n=ansible INFO| ok: [ec2-3-111-150-107.ap-south-1.compute.amazonaws.com]
2026-01-01 18:32:53,497 p=1186385 u=mukesh n=ansible INFO| TASK [node_exporter : Install Node Exporter on RedHat] ***********************************************************************************
2026-01-01 18:32:53,516 p=1186385 u=mukesh n=ansible INFO| skipping: [ec2-3-111-150-107.ap-south-1.compute.amazonaws.com]
2026-01-01 18:32:53,523 p=1186385 u=mukesh n=ansible INFO| TASK [node_exporter : Install Node Exporter on Ubuntu/Debian] ****************************************************************************
2026-01-01 18:32:53,550 p=1186385 u=mukesh n=ansible INFO| included: /home/mukesh/Ansible-git-push/Assignment5a/roles/node_exporter/tasks/ubuntu.yml for ec2-3-111-150-107.ap-south-1.compute.amazonaws.com
2026-01-01 18:32:53,554 p=1186385 u=mukesh n=ansible INFO| TASK [node_exporter : Create node exporter user] *****************************************************************************************
2026-01-01 18:32:54,286 p=1186385 u=mukesh n=ansible INFO| ok: [ec2-3-111-150-107.ap-south-1.compute.amazonaws.com]
2026-01-01 18:32:54,295 p=1186385 u=mukesh n=ansible INFO| TASK [node_exporter : Download Node Exporter archive] ************************************************************************************
2026-01-01 18:32:55,118 p=1186385 u=mukesh n=ansible INFO| ok: [ec2-3-111-150-107.ap-south-1.compute.amazonaws.com]
2026-01-01 18:32:55,130 p=1186385 u=mukesh n=ansible INFO| TASK [node_exporter : Extract Node Exporter binary] **************************************************************************************
2026-01-01 18:32:55,461 p=1186385 u=mukesh n=ansible INFO| skipping: [ec2-3-111-150-107.ap-south-1.compute.amazonaws.com]
2026-01-01 18:32:55,469 p=1186385 u=mukesh n=ansible INFO| TASK [node_exporter : Ensure Node Exporter binary is executable] *************************************************************************
2026-01-01 18:32:55,926 p=1186385 u=mukesh n=ansible INFO| ok: [ec2-3-111-150-107.ap-south-1.compute.amazonaws.com]
2026-01-01 18:32:55,943 p=1186385 u=mukesh n=ansible INFO| TASK [node_exporter : Create systemd service] ********************************************************************************************
2026-01-01 18:32:57,686 p=1186385 u=mukesh n=ansible INFO| ok: [ec2-3-111-150-107.ap-south-1.compute.amazonaws.com]
2026-01-01 18:32:57,698 p=1186385 u=mukesh n=ansible INFO| RUNNING HANDLER [app_server : restart application] ***************************************************************************************
2026-01-01 18:32:58,908 p=1186385 u=mukesh n=ansible INFO| changed: [ec2-3-111-150-107.ap-south-1.compute.amazonaws.com]
2026-01-01 18:32:58,917 p=1186385 u=mukesh n=ansible INFO| PLAY [Configure Monitoring Stack] ********************************************************************************************************
2026-01-01 18:32:58,929 p=1186385 u=mukesh n=ansible INFO| TASK [prometheus : Install Prometheus on RedHat] *****************************************************************************************
2026-01-01 18:32:58,958 p=1186385 u=mukesh n=ansible INFO| included: /home/mukesh/Ansible-git-push/Assignment5a/roles/prometheus/tasks/redhat.yml for ec2-3-110-197-121.ap-south-1.compute.amazonaws.com
2026-01-01 18:32:58,961 p=1186385 u=mukesh n=ansible INFO| TASK [prometheus : Ensure Prometheus user exists] ****************************************************************************************
2026-01-01 18:32:59,819 p=1186385 u=mukesh n=ansible INFO| ok: [ec2-3-110-197-121.ap-south-1.compute.amazonaws.com]
2026-01-01 18:32:59,825 p=1186385 u=mukesh n=ansible INFO| TASK [prometheus : Create required directories] ******************************************************************************************
2026-01-01 18:33:00,780 p=1186385 u=mukesh n=ansible INFO| ok: [ec2-3-110-197-121.ap-south-1.compute.amazonaws.com] => (item=/opt/prometheus)
2026-01-01 18:33:01,516 p=1186385 u=mukesh n=ansible INFO| ok: [ec2-3-110-197-121.ap-south-1.compute.amazonaws.com] => (item=/var/lib/prometheus)
2026-01-01 18:33:02,372 p=1186385 u=mukesh n=ansible INFO| ok: [ec2-3-110-197-121.ap-south-1.compute.amazonaws.com] => (item=/etc/prometheus)
2026-01-01 18:33:02,378 p=1186385 u=mukesh n=ansible INFO| TASK [prometheus : Download Prometheus tarball] ******************************************************************************************
2026-01-01 18:33:03,520 p=1186385 u=mukesh n=ansible INFO| ok: [ec2-3-110-197-121.ap-south-1.compute.amazonaws.com]
2026-01-01 18:33:03,531 p=1186385 u=mukesh n=ansible INFO| TASK [prometheus : Extract Prometheus] ***************************************************************************************************
2026-01-01 18:33:09,134 p=1186385 u=mukesh n=ansible INFO| ok: [ec2-3-110-197-121.ap-south-1.compute.amazonaws.com]
2026-01-01 18:33:09,143 p=1186385 u=mukesh n=ansible INFO| TASK [prometheus : Install Prometheus binaries] ******************************************************************************************
2026-01-01 18:33:10,978 p=1186385 u=mukesh n=ansible INFO| ok: [ec2-3-110-197-121.ap-south-1.compute.amazonaws.com] => (item=prometheus)
2026-01-01 18:33:12,927 p=1186385 u=mukesh n=ansible INFO| ok: [ec2-3-110-197-121.ap-south-1.compute.amazonaws.com] => (item=promtool)
2026-01-01 18:33:12,932 p=1186385 u=mukesh n=ansible INFO| TASK [prometheus : Copy Prometheus console files] ****************************************************************************************
2026-01-01 18:33:14,412 p=1186385 u=mukesh n=ansible INFO| ok: [ec2-3-110-197-121.ap-south-1.compute.amazonaws.com] => (item=consoles)
2026-01-01 18:33:15,645 p=1186385 u=mukesh n=ansible INFO| ok: [ec2-3-110-197-121.ap-south-1.compute.amazonaws.com] => (item=console_libraries)
2026-01-01 18:33:15,656 p=1186385 u=mukesh n=ansible INFO| TASK [prometheus : Copy Prometheus config] ***********************************************************************************************
2026-01-01 18:33:17,131 p=1186385 u=mukesh n=ansible INFO| ok: [ec2-3-110-197-121.ap-south-1.compute.amazonaws.com]
2026-01-01 18:33:17,138 p=1186385 u=mukesh n=ansible INFO| TASK [prometheus : Create Prometheus systemd service] ************************************************************************************
2026-01-01 18:33:18,509 p=1186385 u=mukesh n=ansible INFO| ok: [ec2-3-110-197-121.ap-south-1.compute.amazonaws.com]
2026-01-01 18:33:18,519 p=1186385 u=mukesh n=ansible INFO| TASK [prometheus : Reload systemd daemon] ************************************************************************************************
2026-01-01 18:33:19,376 p=1186385 u=mukesh n=ansible INFO| changed: [ec2-3-110-197-121.ap-south-1.compute.amazonaws.com]
2026-01-01 18:33:19,384 p=1186385 u=mukesh n=ansible INFO| TASK [prometheus : Ensure Prometheus service is enabled and running] *********************************************************************
2026-01-01 18:33:20,159 p=1186385 u=mukesh n=ansible INFO| ok: [ec2-3-110-197-121.ap-south-1.compute.amazonaws.com]
2026-01-01 18:33:20,165 p=1186385 u=mukesh n=ansible INFO| TASK [prometheus : Install Prometheus on Ubuntu/Debian] **********************************************************************************
2026-01-01 18:33:20,179 p=1186385 u=mukesh n=ansible INFO| skipping: [ec2-3-110-197-121.ap-south-1.compute.amazonaws.com]
2026-01-01 18:33:20,186 p=1186385 u=mukesh n=ansible INFO| TASK [grafana : include_tasks] ***********************************************************************************************************
2026-01-01 18:33:20,221 p=1186385 u=mukesh n=ansible INFO| included: /home/mukesh/Ansible-git-push/Assignment5a/roles/grafana/tasks/redhat.yml for ec2-3-110-197-121.ap-south-1.compute.amazonaws.com
2026-01-01 18:33:20,224 p=1186385 u=mukesh n=ansible INFO| TASK [grafana : Ensure Grafana repo exists (RedHat only)] ********************************************************************************
2026-01-01 18:33:21,579 p=1186385 u=mukesh n=ansible INFO| ok: [ec2-3-110-197-121.ap-south-1.compute.amazonaws.com]
2026-01-01 18:33:21,610 p=1186385 u=mukesh n=ansible INFO| TASK [grafana : Install Grafana] *********************************************************************************************************
2026-01-01 18:33:23,637 p=1186385 u=mukesh n=ansible INFO| ok: [ec2-3-110-197-121.ap-south-1.compute.amazonaws.com]
2026-01-01 18:33:23,648 p=1186385 u=mukesh n=ansible INFO| TASK [grafana : Install dependencies (RedHat only)] **************************************************************************************
2026-01-01 18:33:25,418 p=1186385 u=mukesh n=ansible INFO| ok: [ec2-3-110-197-121.ap-south-1.compute.amazonaws.com]
2026-01-01 18:33:25,426 p=1186385 u=mukesh n=ansible INFO| TASK [grafana : Stop Grafana service if exists] ******************************************************************************************
2026-01-01 18:33:26,369 p=1186385 u=mukesh n=ansible INFO| changed: [ec2-3-110-197-121.ap-south-1.compute.amazonaws.com]
2026-01-01 18:33:26,377 p=1186385 u=mukesh n=ansible INFO| TASK [grafana : Create provisioning and dashboard directories] ***************************************************************************
2026-01-01 18:33:26,883 p=1186385 u=mukesh n=ansible INFO| ok: [ec2-3-110-197-121.ap-south-1.compute.amazonaws.com] => (item=/etc/grafana/provisioning/datasources)
2026-01-01 18:33:27,558 p=1186385 u=mukesh n=ansible INFO| ok: [ec2-3-110-197-121.ap-south-1.compute.amazonaws.com] => (item=/etc/grafana/provisioning/dashboards)
2026-01-01 18:33:28,289 p=1186385 u=mukesh n=ansible INFO| ok: [ec2-3-110-197-121.ap-south-1.compute.amazonaws.com] => (item=/var/lib/grafana/dashboards)
2026-01-01 18:33:28,296 p=1186385 u=mukesh n=ansible INFO| TASK [grafana : Copy Prometheus datasource] **********************************************************************************************
2026-01-01 18:33:30,226 p=1186385 u=mukesh n=ansible INFO| ok: [ec2-3-110-197-121.ap-south-1.compute.amazonaws.com]
2026-01-01 18:33:30,235 p=1186385 u=mukesh n=ansible INFO| TASK [grafana : Copy dashboard provider config] ******************************************************************************************
2026-01-01 18:33:31,520 p=1186385 u=mukesh n=ansible INFO| ok: [ec2-3-110-197-121.ap-south-1.compute.amazonaws.com]
2026-01-01 18:33:31,529 p=1186385 u=mukesh n=ansible INFO| TASK [grafana : Deploy Grafana dashboards] ***********************************************************************************************
2026-01-01 18:33:32,893 p=1186385 u=mukesh n=ansible INFO| ok: [ec2-3-110-197-121.ap-south-1.compute.amazonaws.com] => (item=node-exporter.json)
2026-01-01 18:33:34,481 p=1186385 u=mukesh n=ansible INFO| ok: [ec2-3-110-197-121.ap-south-1.compute.amazonaws.com] => (item=prometheus.json)
2026-01-01 18:33:36,087 p=1186385 u=mukesh n=ansible INFO| ok: [ec2-3-110-197-121.ap-south-1.compute.amazonaws.com] => (item=blackbox.json)
2026-01-01 18:33:36,098 p=1186385 u=mukesh n=ansible INFO| TASK [grafana : Ensure SELinux is enforcing] *********************************************************************************************
2026-01-01 18:33:36,682 p=1186385 u=mukesh n=ansible INFO| ok: [ec2-3-110-197-121.ap-south-1.compute.amazonaws.com]
2026-01-01 18:33:36,691 p=1186385 u=mukesh n=ansible INFO| TASK [grafana : Set SELinux context for Grafana data] ************************************************************************************
2026-01-01 18:33:37,256 p=1186385 u=mukesh n=ansible ERROR| [ERROR]: Task failed: Module failed: non-zero return code
Origin: /home/mukesh/Ansible-git-push/Assignment5a/roles/grafana/tasks/redhat.yml:92:7

90       changed_when: false
91
92     - name: Set SELinux context for Grafana data
         ^ column 7


2026-01-01 18:33:37,263 p=1186385 u=mukesh n=ansible INFO| fatal: [ec2-3-110-197-121.ap-south-1.compute.amazonaws.com]: FAILED! => changed=true 
  cmd:
  - chcon
  - -R
  - -t
  - grafana_var_lib_t
  - /var/lib/grafana
  delta: '0:00:00.015441'
  end: '2026-01-01 13:03:37.231149'
  msg: non-zero return code
  rc: 1
  start: '2026-01-01 13:03:37.215708'
  stderr: |-
    chcon: failed to change context of 'node-exporter.json' to ‘system_u:object_r:grafana_var_lib_t:s0’: Invalid argument
    chcon: failed to change context of 'prometheus.json' to ‘system_u:object_r:grafana_var_lib_t:s0’: Invalid argument
    chcon: failed to change context of 'blackbox.json' to ‘system_u:object_r:grafana_var_lib_t:s0’: Invalid argument
    chcon: failed to change context of 'dashboards' to ‘unconfined_u:object_r:grafana_var_lib_t:s0’: Invalid argument
    chcon: failed to change context of 'grafana.db' to ‘system_u:object_r:grafana_var_lib_t:s0’: Invalid argument
    chcon: failed to change context of 'png' to ‘system_u:object_r:grafana_var_lib_t:s0’: Invalid argument
    chcon: failed to change context of 'csv' to ‘system_u:object_r:grafana_var_lib_t:s0’: Invalid argument
    chcon: failed to change context of 'pdf' to ‘system_u:object_r:grafana_var_lib_t:s0’: Invalid argument
    chcon: failed to change context of 'f0b5af7b8afc5505b70a.svg' to ‘system_u:object_r:grafana_var_lib_t:s0’: Invalid argument
    chcon: failed to change context of 'f4a80ec106902b21468c.svg' to ‘system_u:object_r:grafana_var_lib_t:s0’: Invalid argument
    chcon: failed to change context of '470.js' to ‘system_u:object_r:grafana_var_lib_t:s0’: Invalid argument
    chcon: failed to change context of '341.js' to ‘system_u:object_r:grafana_var_lib_t:s0’: Invalid argument
    chcon: failed to change context of 'LICENSE' to ‘system_u:object_r:grafana_var_lib_t:s0’: Invalid argument
    chcon: failed to change context of '677.js.map' to ‘system_u:object_r:grafana_var_lib_t:s0’: Invalid argument
    chcon: failed to change context of '64.js' to ‘system_u:object_r:grafana_var_lib_t:s0’: Invalid argument
    chcon: failed to change context of '864.js' to ‘system_u:object_r:grafana_var_lib_t:s0’: Invalid argument
    chcon: failed to change context of '767.js' to ‘system_u:object_r:grafana_var_lib_t:s0’: Invalid argument
    chcon: failed to change context of '3d96a93cfcb32df74eef.svg' to ‘system_u:object_r:grafana_var_lib_t:s0’: Invalid argument
    chcon: failed to change context of '824.js.map' to ‘system_u:object_r:grafana_var_lib_t:s0’: Invalid argument
    chcon: failed to change context of '6327ceb22fede245e36b.svg' to ‘system_u:object_r:grafana_var_lib_t:s0’: Invalid argument
    chcon: failed to change context of '70.js' to ‘system_u:object_r:grafana_var_lib_t:s0’: Invalid argument
    chcon: failed to change context of '0b7992cbbccaaaabfb4e.svg' to ‘system_u:object_r:grafana_var_lib_t:s0’: Invalid argument
    chcon: failed to change context of 'module.js' to ‘system_u:object_r:grafana_var_lib_t:s0’: Invalid argument
    chcon: failed to change context of '341.js.map' to ‘system_u:object_r:grafana_var_lib_t:s0’: Invalid argument
    chcon: failed to change context of '5ff755573093d28cbf2b.svg' to ‘system_u:object_r:grafana_var_lib_t:s0’: Invalid argument
    chcon: failed to change context of '82.js' to ‘system_u:object_r:grafana_var_lib_t:s0’: Invalid argument
    chcon: failed to change context of '660.js' to ‘system_u:object_r:grafana_var_lib_t:s0’: Invalid argument
    chcon: failed to change context of 'f6f180a5b21afe1799fd.svg' to ‘system_u:object_r:grafana_var_lib_t:s0’: Invalid argument
    chcon: failed to change context of '156.js.map' to ‘system_u:object_r:grafana_var_lib_t:s0’: Invalid argument
    chcon: failed to change context of '206.js' to ‘system_u:object_r:grafana_var_lib_t:s0’: Invalid argument
    chcon: failed to change context of '327.js' to ‘system_u:object_r:grafana_var_lib_t:s0’: Invalid argument
    chcon: failed to change context of '549.js.map' to ‘system_u:object_r:grafana_var_lib_t:s0’: Invalid argument
    chcon: failed to change context of 'bd5bafea986ef624f050.svg' to ‘system_u:object_r:grafana_var_lib_t:s0’: Invalid argument
    chcon: failed to change context of '328.js.map' to ‘system_u:object_r:grafana_var_lib_t:s0’: Invalid argument
    chcon: failed to change context of '919.js.map' to ‘system_u:object_r:grafana_var_lib_t:s0’: Invalid argument
    chcon: failed to change context of '727.js.map' to ‘system_u:object_r:grafana_var_lib_t:s0’: Invalid argument
    chcon: failed to change context of '980.js.map' to ‘system_u:object_r:grafana_var_lib_t:s0’: Invalid argument
    chcon: failed to change context of '824.js.LICENSE.txt' to ‘system_u:object_r:grafana_var_lib_t:s0’: Invalid argument
    chcon: failed to change context of '644.js' to ‘system_u:object_r:grafana_var_lib_t:s0’: Invalid argument
    chcon: failed to change context of 'CHANGELOG.md' to ‘system_u:object_r:grafana_var_lib_t:s0’: Invalid argument
    chcon: failed to change context of '3d7fda5219d0a128c3a7.svg' to ‘system_u:object_r:grafana_var_lib_t:s0’: Invalid argument
    chcon: failed to change context of '697.js' to ‘system_u:object_r:grafana_var_lib_t:s0’: Invalid argument
    chcon: failed to change context of '190.js' to ‘system_u:object_r:grafana_var_lib_t:s0’: Invalid argument
    chcon: failed to change context of '864.js.map' to ‘system_u:object_r:grafana_var_lib_t:s0’: Invalid argument
    chcon: failed to change context of 'MANIFEST.txt' to ‘system_u:object_r:grafana_var_lib_t:s0’: Invalid argument
    chcon: failed to change context of '677.js' to ‘system_u:object_r:grafana_var_lib_t:s0’: Invalid argument
    chcon: failed to change context of 'plugin.json' to ‘system_u:object_r:grafana_var_lib_t:s0’: Invalid argument
    chcon: failed to change context of '156.js' to ‘system_u:object_r:grafana_var_lib_t:s0’: Invalid argument
    chcon: failed to change context of '1759fd27b2c9f73dea05.wasm' to ‘system_u:object_r:grafana_var_lib_t:s0’: Invalid argument
    chcon: failed to change context of '8de041fb65ff0bb36133.svg' to ‘system_u:object_r:grafana_var_lib_t:s0’: Invalid argument
    chcon: failed to change context of '2.js' to ‘system_u:object_r:grafana_var_lib_t:s0’: Invalid argument
    chcon: failed to change context of '876.js.map' to ‘system_u:object_r:grafana_var_lib_t:s0’: Invalid argument
    chcon: failed to change context of '3cf91cbcfc3c94965931.svg' to ‘system_u:object_r:grafana_var_lib_t:s0’: Invalid argument
    chcon: failed to change context of 'a02d697b42ff5ef7323b.svg' to ‘system_u:object_r:grafana_var_lib_t:s0’: Invalid argument
    chcon: failed to change context of '353.js.map' to ‘system_u:object_r:grafana_var_lib_t:s0’: Invalid argument
    chcon: failed to change context of '7.js' to ‘system_u:object_r:grafana_var_lib_t:s0’: Invalid argument
    chcon: failed to change context of '74.js' to ‘system_u:object_r:grafana_var_lib_t:s0’: Invalid argument
    chcon: failed to change context of '3982c6482f693636d827.svg' to ‘system_u:object_r:grafana_var_lib_t:s0’: Invalid argument
    chcon: failed to change context of '546.js' to ‘system_u:object_r:grafana_var_lib_t:s0’: Invalid argument
    chcon: failed to change context of '727.js' to ‘system_u:object_r:grafana_var_lib_t:s0’: Invalid argument
    chcon: failed to change context of '64.js.map' to ‘system_u:object_r:grafana_var_lib_t:s0’: Invalid argument
    chcon: failed to change context of '824.js' to ‘system_u:object_r:grafana_var_lib_t:s0’: Invalid argument
    chcon: failed to change context of '74.js.map' to ‘system_u:object_r:grafana_var_lib_t:s0’: Invalid argument
    chcon: failed to change context of '150.js.map' to ‘system_u:object_r:grafana_var_lib_t:s0’: Invalid argument
    chcon: failed to change context of '2946a9608ee7f2b5f618.svg' to ‘system_u:object_r:grafana_var_lib_t:s0’: Invalid argument
    chcon: failed to change context of '546.js.map' to ‘system_u:object_r:grafana_var_lib_t:s0’: Invalid argument
    chcon: failed to change context of '826.js' to ‘system_u:object_r:grafana_var_lib_t:s0’: Invalid argument
    chcon: failed to change context of '8a289c3c1e2e6710580c.svg' to ‘system_u:object_r:grafana_var_lib_t:s0’: Invalid argument
    chcon: failed to change context of '944.js' to ‘system_u:object_r:grafana_var_lib_t:s0’: Invalid argument
    chcon: failed to change context of '549.js' to ‘system_u:object_r:grafana_var_lib_t:s0’: Invalid argument
    chcon: failed to change context of '660.js.map' to ‘system_u:object_r:grafana_var_lib_t:s0’: Invalid argument
    chcon: failed to change context of '087755a1246f96c42579.svg' to ‘system_u:object_r:grafana_var_lib_t:s0’: Invalid argument
    chcon: failed to change context of '582.js.map' to ‘system_u:object_r:grafana_var_lib_t:s0’: Invalid argument
    chcon: failed to change context of '944.js.map' to ‘system_u:object_r:grafana_var_lib_t:s0’: Invalid argument
    chcon: failed to change context of '206.js.map' to ‘system_u:object_r:grafana_var_lib_t:s0’: Invalid argument
    chcon: failed to change context of '854.js' to ‘system_u:object_r:grafana_var_lib_t:s0’: Invalid argument
    chcon: failed to change context of '826.js.map' to ‘system_u:object_r:grafana_var_lib_t:s0’: Invalid argument
    chcon: failed to change context of 'module.js.map' to ‘system_u:object_r:grafana_var_lib_t:s0’: Invalid argument
    chcon: failed to change context of '644.js.map' to ‘system_u:object_r:grafana_var_lib_t:s0’: Invalid argument
    chcon: failed to change context of '919.js' to ‘system_u:object_r:grafana_var_lib_t:s0’: Invalid argument
    chcon: failed to change context of '649058283f564041551d.wasm' to ‘system_u:object_r:grafana_var_lib_t:s0’: Invalid argument
    chcon: failed to change context of '70.js.map' to ‘system_u:object_r:grafana_var_lib_t:s0’: Invalid argument
    chcon: failed to change context of '7.js.map' to ‘system_u:object_r:grafana_var_lib_t:s0’: Invalid argument
    chcon: failed to change context of 'da86b141436a1efb9287.svg' to ‘system_u:object_r:grafana_var_lib_t:s0’: Invalid argument
    chcon: failed to change context of '85b746ba2cec564b9a89.svg' to ‘system_u:object_r:grafana_var_lib_t:s0’: Invalid argument
    chcon: failed to change context of '190.js.map' to ‘system_u:object_r:grafana_var_lib_t:s0’: Invalid argument
    chcon: failed to change context of '2168a10beed690100fcb.svg' to ‘system_u:object_r:grafana_var_lib_t:s0’: Invalid argument
    chcon: failed to change context of '327.js.map' to ‘system_u:object_r:grafana_var_lib_t:s0’: Invalid argument
    chcon: failed to change context of 'fca8b87950e835f73012.svg' to ‘system_u:object_r:grafana_var_lib_t:s0’: Invalid argument
    chcon: failed to change context of 'module.js.LICENSE.txt' to ‘system_u:object_r:grafana_var_lib_t:s0’: Invalid argument
    chcon: failed to change context of '82.js.map' to ‘system_u:object_r:grafana_var_lib_t:s0’: Invalid argument
    chcon: failed to change context of '26a78975976a604ba774.svg' to ‘system_u:object_r:grafana_var_lib_t:s0’: Invalid argument
    chcon: failed to change context of 'b6946652df0df52a6ebf.svg' to ‘system_u:object_r:grafana_var_lib_t:s0’: Invalid argument
    chcon: failed to change context of 'README.md' to ‘system_u:object_r:grafana_var_lib_t:s0’: Invalid argument
    chcon: failed to change context of '353.js' to ‘system_u:object_r:grafana_var_lib_t:s0’: Invalid argument
    chcon: failed to change context of '150.js' to ‘system_u:object_r:grafana_var_lib_t:s0’: Invalid argument
    chcon: failed to change context of '45984fdddc778c4b7076.svg' to ‘system_u:object_r:grafana_var_lib_t:s0’: Invalid argument
    chcon: failed to change context of '470.js.map' to ‘system_u:object_r:grafana_var_lib_t:s0’: Invalid argument
    chcon: failed to change context of '876.js' to ‘system_u:object_r:grafana_var_lib_t:s0’: Invalid argument
    chcon: failed to change context of '854.js.map' to ‘system_u:object_r:grafana_var_lib_t:s0’: Invalid argument
    chcon: failed to change context of '470.js.LICENSE.txt' to ‘system_u:object_r:grafana_var_lib_t:s0’: Invalid argument
    chcon: failed to change context of '2.js.map' to ‘system_u:object_r:grafana_var_lib_t:s0’: Invalid argument
    chcon: failed to change context of '328.js' to ‘system_u:object_r:grafana_var_lib_t:s0’: Invalid argument
    chcon: failed to change context of '582.js' to ‘system_u:object_r:grafana_var_lib_t:s0’: Invalid argument
    chcon: failed to change context of '220.js.map' to ‘system_u:object_r:grafana_var_lib_t:s0’: Invalid argument
    chcon: failed to change context of '980.js' to ‘system_u:object_r:grafana_var_lib_t:s0’: Invalid argument
    chcon: failed to change context of '7c69e09a44ae38215563.svg' to ‘system_u:object_r:grafana_var_lib_t:s0’: Invalid argument
    chcon: failed to change context of '697.js.map' to ‘system_u:object_r:grafana_var_lib_t:s0’: Invalid argument
    chcon: failed to change context of '767.js.map' to ‘system_u:object_r:grafana_var_lib_t:s0’: Invalid argument
    chcon: failed to change context of 'grot_loki.svg' to ‘system_u:object_r:grafana_var_lib_t:s0’: Invalid argument
    chcon: failed to change context of 'table.png' to ‘system_u:object_r:grafana_var_lib_t:s0’: Invalid argument
    chcon: failed to change context of 'service_logs.jpg' to ‘system_u:object_r:grafana_var_lib_t:s0’: Invalid argument
    chcon: failed to change context of 'logo.svg' to ‘system_u:object_r:grafana_var_lib_t:s0’: Invalid argument
    chcon: failed to change context of 'drilldown-features.png' to ‘system_u:object_r:grafana_var_lib_t:s0’: Invalid argument
    chcon: failed to change context of 'fields.png' to ‘system_u:object_r:grafana_var_lib_t:s0’: Invalid argument
    chcon: failed to change context of 'grot_err_light.svg' to ‘system_u:object_r:grafana_var_lib_t:s0’: Invalid argument
    chcon: failed to change context of 'copy.svg' to ‘system_u:object_r:grafana_var_lib_t:s0’: Invalid argument
    chcon: failed to change context of 'search-plus.svg' to ‘system_u:object_r:grafana_var_lib_t:s0’: Invalid argument
    chcon: failed to change context of 'eye--hover.svg' to ‘system_u:object_r:grafana_var_lib_t:s0’: Invalid argument
    chcon: failed to change context of 'search-minus--hover.svg' to ‘system_u:object_r:grafana_var_lib_t:s0’: Invalid argument
    chcon: failed to change context of 'share-alt.svg' to ‘system_u:object_r:grafana_var_lib_t:s0’: Invalid argument
    chcon: failed to change context of 'copy--hover.svg' to ‘system_u:object_r:grafana_var_lib_t:s0’: Invalid argument
    chcon: failed to change context of 'search-plus--hover.svg' to ‘system_u:object_r:grafana_var_lib_t:s0’: Invalid argument
    chcon: failed to change context of 'eye.svg' to ‘system_u:object_r:grafana_var_lib_t:s0’: Invalid argument
    chcon: failed to change context of 'search-minus.svg' to ‘system_u:object_r:grafana_var_lib_t:s0’: Invalid argument
    chcon: failed to change context of 'share-alt--hover.svg' to ‘system_u:object_r:grafana_var_lib_t:s0’: Invalid argument
    chcon: failed to change context of 'light' to ‘system_u:object_r:grafana_var_lib_t:s0’: Invalid argument
    chcon: failed to change context of 'copy.svg' to ‘system_u:object_r:grafana_var_lib_t:s0’: Invalid argument
    chcon: failed to change context of 'search-plus.svg' to ‘system_u:object_r:grafana_var_lib_t:s0’: Invalid argument
    chcon: failed to change context of 'eye--hover.svg' to ‘system_u:object_r:grafana_var_lib_t:s0’: Invalid argument
    chcon: failed to change context of 'search-minus--hover.svg' to ‘system_u:object_r:grafana_var_lib_t:s0’: Invalid argument
    chcon: failed to change context of 'share-alt.svg' to ‘system_u:object_r:grafana_var_lib_t:s0’: Invalid argument
    chcon: failed to change context of 'copy--hover.svg' to ‘system_u:object_r:grafana_var_lib_t:s0’: Invalid argument
    chcon: failed to change context of 'search-plus--hover.svg' to ‘system_u:object_r:grafana_var_lib_t:s0’: Invalid argument
    chcon: failed to change context of 'eye.svg' to ‘system_u:object_r:grafana_var_lib_t:s0’: Invalid argument
    chcon: failed to change context of 'search-minus.svg' to ‘system_u:object_r:grafana_var_lib_t:s0’: Invalid argument
    chcon: failed to change context of 'share-alt--hover.svg' to ‘system_u:object_r:grafana_var_lib_t:s0’: Invalid argument
    chcon: failed to change context of 'dark' to ‘system_u:object_r:grafana_var_lib_t:s0’: Invalid argument
    chcon: failed to change context of 'search-plus--active.svg' to ‘system_u:object_r:grafana_var_lib_t:s0’: Invalid argument
    chcon: failed to change context of 'eye--active.svg' to ‘system_u:object_r:grafana_var_lib_t:s0’: Invalid argument
    chcon: failed to change context of 'search-minus--active.svg' to ‘system_u:object_r:grafana_var_lib_t:s0’: Invalid argument
    chcon: failed to change context of 'icons' to ‘system_u:object_r:grafana_var_lib_t:s0’: Invalid argument
    chcon: failed to change context of 'grot_err.svg' to ‘system_u:object_r:grafana_var_lib_t:s0’: Invalid argument
    chcon: failed to change context of 'explore-logs-features.jpeg' to ‘system_u:object_r:grafana_var_lib_t:s0’: Invalid argument
    chcon: failed to change context of 'patterns.png' to ‘system_u:object_r:grafana_var_lib_t:s0’: Invalid argument
    chcon: failed to change context of 'img' to ‘system_u:object_r:grafana_var_lib_t:s0’: Invalid argument
    chcon: failed to change context of '220.js' to ‘system_u:object_r:grafana_var_lib_t:s0’: Invalid argument
    chcon: failed to change context of 'grafana-lokiexplore-app' to ‘system_u:object_r:grafana_var_lib_t:s0’: Invalid argument
    chcon: failed to change context of '776.js.map' to ‘system_u:object_r:grafana_var_lib_t:s0’: Invalid argument
    chcon: failed to change context of '341.js' to ‘system_u:object_r:grafana_var_lib_t:s0’: Invalid argument
    chcon: failed to change context of 'e79edcfbe2068fae2364.svg' to ‘system_u:object_r:grafana_var_lib_t:s0’: Invalid argument
    chcon: failed to change context of 'LICENSE' to ‘system_u:object_r:grafana_var_lib_t:s0’: Invalid argument
    chcon: failed to change context of '64.js' to ‘system_u:object_r:grafana_var_lib_t:s0’: Invalid argument
    chcon: failed to change context of '767.js' to ‘system_u:object_r:grafana_var_lib_t:s0’: Invalid argument
    chcon: failed to change context of '580.js' to ‘system_u:object_r:grafana_var_lib_t:s0’: Invalid argument
    chcon: failed to change context of '70.js' to ‘system_u:object_r:grafana_var_lib_t:s0’: Invalid argument
    chcon: failed to change context of 'module.js' to ‘system_u:object_r:grafana_var_lib_t:s0’: Invalid argument
    chcon: failed to change context of '341.js.map' to ‘system_u:object_r:grafana_var_lib_t:s0’: Invalid argument
    chcon: failed to change context of '660.js' to ‘system_u:object_r:grafana_var_lib_t:s0’: Invalid argument
    chcon: failed to change context of '156.js.map' to ‘system_u:object_r:grafana_var_lib_t:s0’: Invalid argument
    chcon: failed to change context of '206.js' to ‘system_u:object_r:grafana_var_lib_t:s0’: Invalid argument
    chcon: failed to change context of '327.js' to ‘system_u:object_r:grafana_var_lib_t:s0’: Invalid argument
    chcon: failed to change context of '549.js.map' to ‘system_u:object_r:grafana_var_lib_t:s0’: Invalid argument
    chcon: failed to change context of '980.js.map' to ‘system_u:object_r:grafana_var_lib_t:s0’: Invalid argument
    chcon: failed to change context of '644.js' to ‘system_u:object_r:grafana_var_lib_t:s0’: Invalid argument
    chcon: failed to change context of 'e6c722427cfa8715e19d.svg' to ‘system_u:object_r:grafana_var_lib_t:s0’: Invalid argument
    chcon: failed to change context of '167.js' to ‘system_u:object_r:grafana_var_lib_t:s0’: Invalid argument
    chcon: failed to change context of 'CHANGELOG.md' to ‘system_u:object_r:grafana_var_lib_t:s0’: Invalid argument
    chcon: failed to change context of '697.js' to ‘system_u:object_r:grafana_var_lib_t:s0’: Invalid argument
    chcon: failed to change context of '190.js' to ‘system_u:object_r:grafana_var_lib_t:s0’: Invalid argument
    chcon: failed to change context of 'profile-metrics.json' to ‘system_u:object_r:grafana_var_lib_t:s0’: Invalid argument
    chcon: failed to change context of 'profile-metrics' to ‘system_u:object_r:grafana_var_lib_t:s0’: Invalid argument
    chcon: failed to change context of 'infrastructure' to ‘system_u:object_r:grafana_var_lib_t:s0’: Invalid argument
    chcon: failed to change context of 'shared' to ‘system_u:object_r:grafana_var_lib_t:s0’: Invalid argument
    chcon: failed to change context of 'MANIFEST.txt' to ‘system_u:object_r:grafana_var_lib_t:s0’: Invalid argument
    chcon: failed to change context of 'plugin.json' to ‘system_u:object_r:grafana_var_lib_t:s0’: Invalid argument
    chcon: failed to change context of '156.js' to ‘system_u:object_r:grafana_var_lib_t:s0’: Invalid argument
    chcon: failed to change context of '2.js' to ‘system_u:object_r:grafana_var_lib_t:s0’: Invalid argument
    chcon: failed to change context of '876.js.map' to ‘system_u:object_r:grafana_var_lib_t:s0’: Invalid argument
    chcon: failed to change context of '353.js.map' to ‘system_u:object_r:grafana_var_lib_t:s0’: Invalid argument
    chcon: failed to change context of '74.js' to ‘system_u:object_r:grafana_var_lib_t:s0’: Invalid argument
    chcon: failed to change context of '194.js.LICENSE.txt' to ‘system_u:object_r:grafana_var_lib_t:s0’: Invalid argument
    chcon: failed to change context of '64.js.map' to ‘system_u:object_r:grafana_var_lib_t:s0’: Invalid argument
    chcon: failed to change context of '74.js.map' to ‘system_u:object_r:grafana_var_lib_t:s0’: Invalid argument
    chcon: failed to change context of '150.js.map' to ‘system_u:object_r:grafana_var_lib_t:s0’: Invalid argument
    chcon: failed to change context of '814.js.map' to ‘system_u:object_r:grafana_var_lib_t:s0’: Invalid argument
    chcon: failed to change context of '580.js.map' to ‘system_u:object_r:grafana_var_lib_t:s0’: Invalid argument
    chcon: failed to change context of '194.js' to ‘system_u:object_r:grafana_var_lib_t:s0’: Invalid argument
    chcon: failed to change context of '549.js' to ‘system_u:object_r:grafana_var_lib_t:s0’: Invalid argument
    chcon: failed to change context of '660.js.map' to ‘system_u:object_r:grafana_var_lib_t:s0’: Invalid argument
    chcon: failed to change context of '582.js.map' to ‘system_u:object_r:grafana_var_lib_t:s0’: Invalid argument
    chcon: failed to change context of '206.js.map' to ‘system_u:object_r:grafana_var_lib_t:s0’: Invalid argument
    chcon: failed to change context of '944c737f589d02ecf603.svg' to ‘system_u:object_r:grafana_var_lib_t:s0’: Invalid argument
    chcon: failed to change context of 'module.js.map' to ‘system_u:object_r:grafana_var_lib_t:s0’: Invalid argument
    chcon: failed to change context of '644.js.map' to ‘system_u:object_r:grafana_var_lib_t:s0’: Invalid argument
    chcon: failed to change context of '70.js.map' to ‘system_u:object_r:grafana_var_lib_t:s0’: Invalid argument
    chcon: failed to change context of '814.js' to ‘system_u:object_r:grafana_var_lib_t:s0’: Invalid argument
    chcon: failed to change context of '190.js.map' to ‘system_u:object_r:grafana_var_lib_t:s0’: Invalid argument
    chcon: failed to change context of '327.js.map' to ‘system_u:object_r:grafana_var_lib_t:s0’: Invalid argument
    chcon: failed to change context of 'README.md' to ‘system_u:object_r:grafana_var_lib_t:s0’: Invalid argument
    chcon: failed to change context of '353.js' to ‘system_u:object_r:grafana_var_lib_t:s0’: Invalid argument
    chcon: failed to change context of '814.js.LICENSE.txt' to ‘system_u:object_r:grafana_var_lib_t:s0’: Invalid argument
    chcon: failed to change context of '150.js' to ‘system_u:object_r:grafana_var_lib_t:s0’: Invalid argument
    chcon: failed to change context of '876.js' to ‘system_u:object_r:grafana_var_lib_t:s0’: Invalid argument
    chcon: failed to change context of '776.js' to ‘system_u:object_r:grafana_var_lib_t:s0’: Invalid argument
    chcon: failed to change context of '2.js.map' to ‘system_u:object_r:grafana_var_lib_t:s0’: Invalid argument
    chcon: failed to change context of '194.js.map' to ‘system_u:object_r:grafana_var_lib_t:s0’: Invalid argument
    chcon: failed to change context of '582.js' to ‘system_u:object_r:grafana_var_lib_t:s0’: Invalid argument
    chcon: failed to change context of '220.js.map' to ‘system_u:object_r:grafana_var_lib_t:s0’: Invalid argument
    chcon: failed to change context of 'grot-404-light.svg' to ‘system_u:object_r:grafana_var_lib_t:s0’: Invalid argument
    chcon: failed to change context of 'grot-404-dark.svg' to ‘system_u:object_r:grafana_var_lib_t:s0’: Invalid argument
    chcon: failed to change context of 'img' to ‘system_u:object_r:grafana_var_lib_t:s0’: Invalid argument
    chcon: failed to change context of 'ui' to ‘system_u:object_r:grafana_var_lib_t:s0’: Invalid argument
    chcon: failed to change context of 'SceneEmptyState' to ‘system_u:object_r:grafana_var_lib_t:s0’: Invalid argument
    chcon: failed to change context of 'components' to ‘system_u:object_r:grafana_var_lib_t:s0’: Invalid argument
    chcon: failed to change context of 'SceneByVariableRepeaterGrid' to ‘system_u:object_r:grafana_var_lib_t:s0’: Invalid argument
    chcon: failed to change context of 'components' to ‘system_u:object_r:grafana_var_lib_t:s0’: Invalid argument
    chcon: failed to change context of 'ProfilesExplorerView' to ‘system_u:object_r:grafana_var_lib_t:s0’: Invalid argument
    chcon: failed to change context of 'pages' to ‘system_u:object_r:grafana_var_lib_t:s0’: Invalid argument
    chcon: failed to change context of '167.js.map' to ‘system_u:object_r:grafana_var_lib_t:s0’: Invalid argument
    chcon: failed to change context of '980.js' to ‘system_u:object_r:grafana_var_lib_t:s0’: Invalid argument
    chcon: failed to change context of '697.js.map' to ‘system_u:object_r:grafana_var_lib_t:s0’: Invalid argument
    chcon: failed to change context of '767.js.map' to ‘system_u:object_r:grafana_var_lib_t:s0’: Invalid argument
    chcon: failed to change context of '58f0b0e1cfa063e4b662.png' to ‘system_u:object_r:grafana_var_lib_t:s0’: Invalid argument
    chcon: failed to change context of 'bafee50693eb02088442.png' to ‘system_u:object_r:grafana_var_lib_t:s0’: Invalid argument
    chcon: failed to change context of '9c9cdd5175734d579007.png' to ‘system_u:object_r:grafana_var_lib_t:s0’: Invalid argument
    chcon: failed to change context of 'decrease-latency.png' to ‘system_u:object_r:grafana_var_lib_t:s0’: Invalid argument
    chcon: failed to change context of 'logo.svg' to ‘system_u:object_r:grafana_var_lib_t:s0’: Invalid argument
    chcon: failed to change context of 'resolve-incidents.png' to ‘system_u:object_r:grafana_var_lib_t:s0’: Invalid argument
    chcon: failed to change context of 'reduce-costs.png' to ‘system_u:object_r:grafana_var_lib_t:s0’: Invalid argument
    chcon: failed to change context of 'hero-image.png' to ‘system_u:object_r:grafana_var_lib_t:s0’: Invalid argument
    chcon: failed to change context of '8cdf4d2e2df8326311ab.gif' to ‘system_u:object_r:grafana_var_lib_t:s0’: Invalid argument
    chcon: failed to change context of '61b4cf746a6f58780f27.png' to ‘system_u:object_r:grafana_var_lib_t:s0’: Invalid argument
    chcon: failed to change context of 'diff-view-how-to.gif' to ‘system_u:object_r:grafana_var_lib_t:s0’: Invalid argument
    chcon: failed to change context of 'img' to ‘system_u:object_r:grafana_var_lib_t:s0’: Invalid argument
    chcon: failed to change context of '220.js' to ‘system_u:object_r:grafana_var_lib_t:s0’: Invalid argument
    chcon: failed to change context of 'grafana-pyroscope-app' to ‘system_u:object_r:grafana_var_lib_t:s0’: Invalid argument
    chcon: failed to change context of '341.js' to ‘system_u:object_r:grafana_var_lib_t:s0’: Invalid argument
    chcon: failed to change context of '766.js.map' to ‘system_u:object_r:grafana_var_lib_t:s0’: Invalid argument
    chcon: failed to change context of 'e79edcfbe2068fae2364.svg' to ‘system_u:object_r:grafana_var_lib_t:s0’: Invalid argument
    chcon: failed to change context of '722.js' to ‘system_u:object_r:grafana_var_lib_t:s0’: Invalid argument
    chcon: failed to change context of 'LICENSE' to ‘system_u:object_r:grafana_var_lib_t:s0’: Invalid argument
    chcon: failed to change context of 'grot-404-light.svg' to ‘system_u:object_r:grafana_var_lib_t:s0’: Invalid argument
    chcon: failed to change context of 'grot-404-dark.svg' to ‘system_u:object_r:grafana_var_lib_t:s0’: Invalid argument
    chcon: failed to change context of 'img' to ‘system_u:object_r:grafana_var_lib_t:s0’: Invalid argument
    chcon: failed to change context of 'EmptyState' to ‘system_u:object_r:grafana_var_lib_t:s0’: Invalid argument
    chcon: failed to change context of 'states' to ‘system_u:object_r:grafana_var_lib_t:s0’: Invalid argument
    chcon: failed to change context of 'components' to ‘system_u:object_r:grafana_var_lib_t:s0’: Invalid argument
    chcon: failed to change context of '64.js' to ‘system_u:object_r:grafana_var_lib_t:s0’: Invalid argument
    chcon: failed to change context of '1382cadfeb81ccdaa67d.svg' to ‘system_u:object_r:grafana_var_lib_t:s0’: Invalid argument
    chcon: failed to change context of '767.js' to ‘system_u:object_r:grafana_var_lib_t:s0’: Invalid argument
    chcon: failed to change context of '202.js' to ‘system_u:object_r:grafana_var_lib_t:s0’: Invalid argument
    chcon: failed to change context of '765.js' to ‘system_u:object_r:grafana_var_lib_t:s0’: Invalid argument
    chcon: failed to change context of '70.js' to ‘system_u:object_r:grafana_var_lib_t:s0’: Invalid argument
    chcon: failed to change context of 'module.js' to ‘system_u:object_r:grafana_var_lib_t:s0’: Invalid argument
    chcon: failed to change context of '341.js.map' to ‘system_u:object_r:grafana_var_lib_t:s0’: Invalid argument
    chcon: failed to change context of '660.js' to ‘system_u:object_r:grafana_var_lib_t:s0’: Invalid argument
    chcon: failed to change context of '206.js' to ‘system_u:object_r:grafana_var_lib_t:s0’: Invalid argument
    chcon: failed to change context of '812.js' to ‘system_u:object_r:grafana_var_lib_t:s0’: Invalid argument
    chcon: failed to change context of '327.js' to ‘system_u:object_r:grafana_var_lib_t:s0’: Invalid argument
    chcon: failed to change context of '549.js.map' to ‘system_u:object_r:grafana_var_lib_t:s0’: Invalid argument
    chcon: failed to change context of '980.js.map' to ‘system_u:object_r:grafana_var_lib_t:s0’: Invalid argument
    chcon: failed to change context of '202.js.map' to ‘system_u:object_r:grafana_var_lib_t:s0’: Invalid argument
    chcon: failed to change context of '644.js' to ‘system_u:object_r:grafana_var_lib_t:s0’: Invalid argument
    chcon: failed to change context of 'CHANGELOG.md' to ‘system_u:object_r:grafana_var_lib_t:s0’: Invalid argument
    chcon: failed to change context of '535.js' to ‘system_u:object_r:grafana_var_lib_t:s0’: Invalid argument
    chcon: failed to change context of '697.js' to ‘system_u:object_r:grafana_var_lib_t:s0’: Invalid argument
    chcon: failed to change context of '190.js' to ‘system_u:object_r:grafana_var_lib_t:s0’: Invalid argument
    chcon: failed to change context of 'MANIFEST.txt' to ‘system_u:object_r:grafana_var_lib_t:s0’: Invalid argument
    chcon: failed to change context of 'plugin.json' to ‘system_u:object_r:grafana_var_lib_t:s0’: Invalid argument
    chcon: failed to change context of '2.js' to ‘system_u:object_r:grafana_var_lib_t:s0’: Invalid argument
    chcon: failed to change context of '876.js.map' to ‘system_u:object_r:grafana_var_lib_t:s0’: Invalid argument
    chcon: failed to change context of '353.js.map' to ‘system_u:object_r:grafana_var_lib_t:s0’: Invalid argument
    chcon: failed to change context of '74.js' to ‘system_u:object_r:grafana_var_lib_t:s0’: Invalid argument
    chcon: failed to change context of '722.js.map' to ‘system_u:object_r:grafana_var_lib_t:s0’: Invalid argument
    chcon: failed to change context of '64.js.map' to ‘system_u:object_r:grafana_var_lib_t:s0’: Invalid argument
    chcon: failed to change context of '74.js.map' to ‘system_u:object_r:grafana_var_lib_t:s0’: Invalid argument
    chcon: failed to change context of '150.js.map' to ‘system_u:object_r:grafana_var_lib_t:s0’: Invalid argument
    chcon: failed to change context of '765.js.LICENSE.txt' to ‘system_u:object_r:grafana_var_lib_t:s0’: Invalid argument
    chcon: failed to change context of '549.js' to ‘system_u:object_r:grafana_var_lib_t:s0’: Invalid argument
    chcon: failed to change context of '660.js.map' to ‘system_u:object_r:grafana_var_lib_t:s0’: Invalid argument
    chcon: failed to change context of '582.js.map' to ‘system_u:object_r:grafana_var_lib_t:s0’: Invalid argument
    chcon: failed to change context of '206.js.map' to ‘system_u:object_r:grafana_var_lib_t:s0’: Invalid argument
    chcon: failed to change context of '944c737f589d02ecf603.svg' to ‘system_u:object_r:grafana_var_lib_t:s0’: Invalid argument
    chcon: failed to change context of 'module.js.map' to ‘system_u:object_r:grafana_var_lib_t:s0’: Invalid argument
    chcon: failed to change context of '644.js.map' to ‘system_u:object_r:grafana_var_lib_t:s0’: Invalid argument
    chcon: failed to change context of '70.js.map' to ‘system_u:object_r:grafana_var_lib_t:s0’: Invalid argument
    chcon: failed to change context of '211.js' to ‘system_u:object_r:grafana_var_lib_t:s0’: Invalid argument
    chcon: failed to change context of '211.js.map' to ‘system_u:object_r:grafana_var_lib_t:s0’: Invalid argument
    chcon: failed to change context of '190.js.map' to ‘system_u:object_r:grafana_var_lib_t:s0’: Invalid argument
    chcon: failed to change context of '327.js.map' to ‘system_u:object_r:grafana_var_lib_t:s0’: Invalid argument
    chcon: failed to change context of 'service-struct.json' to ‘system_u:object_r:grafana_var_lib_t:s0’: Invalid argument
    chcon: failed to change context of 'test-responses' to ‘system_u:object_r:grafana_var_lib_t:s0’: Invalid argument
    chcon: failed to change context of 'trace-merge' to ‘system_u:object_r:grafana_var_lib_t:s0’: Invalid argument
    chcon: failed to change context of 'utils' to ‘system_u:object_r:grafana_var_lib_t:s0’: Invalid argument
    chcon: failed to change context of 'README.md' to ‘system_u:object_r:grafana_var_lib_t:s0’: Invalid argument
    chcon: failed to change context of '353.js' to ‘system_u:object_r:grafana_var_lib_t:s0’: Invalid argument
    chcon: failed to change context of '535.js.map' to ‘system_u:object_r:grafana_var_lib_t:s0’: Invalid argument
    chcon: failed to change context of '150.js' to ‘system_u:object_r:grafana_var_lib_t:s0’: Invalid argument
    chcon: failed to change context of '812.js.map' to ‘system_u:object_r:grafana_var_lib_t:s0’: Invalid argument
    chcon: failed to change context of '876.js' to ‘system_u:object_r:grafana_var_lib_t:s0’: Invalid argument
    chcon: failed to change context of '765.js.map' to ‘system_u:object_r:grafana_var_lib_t:s0’: Invalid argument
    chcon: failed to change context of '2.js.map' to ‘system_u:object_r:grafana_var_lib_t:s0’: Invalid argument
    chcon: failed to change context of '766.js' to ‘system_u:object_r:grafana_var_lib_t:s0’: Invalid argument
    chcon: failed to change context of '582.js' to ‘system_u:object_r:grafana_var_lib_t:s0’: Invalid argument
    chcon: failed to change context of '220.js.map' to ‘system_u:object_r:grafana_var_lib_t:s0’: Invalid argument
    chcon: failed to change context of '980.js' to ‘system_u:object_r:grafana_var_lib_t:s0’: Invalid argument
    chcon: failed to change context of '697.js.map' to ‘system_u:object_r:grafana_var_lib_t:s0’: Invalid argument
    chcon: failed to change context of '767.js.map' to ‘system_u:object_r:grafana_var_lib_t:s0’: Invalid argument
    chcon: failed to change context of 'errors-root-cause.png' to ‘system_u:object_r:grafana_var_lib_t:s0’: Invalid argument
    chcon: failed to change context of 'logo.svg' to ‘system_u:object_r:grafana_var_lib_t:s0’: Invalid argument
    chcon: failed to change context of 'histogram-breakdown.png' to ‘system_u:object_r:grafana_var_lib_t:s0’: Invalid argument
    chcon: failed to change context of 'errors-metric-flow.png' to ‘system_u:object_r:grafana_var_lib_t:s0’: Invalid argument
    chcon: failed to change context of 'img' to ‘system_u:object_r:grafana_var_lib_t:s0’: Invalid argument
    chcon: failed to change context of '220.js' to ‘system_u:object_r:grafana_var_lib_t:s0’: Invalid argument
    chcon: failed to change context of 'grafana-exploretraces-app' to ‘system_u:object_r:grafana_var_lib_t:s0’: Invalid argument
    chcon: failed to change context of '341.js' to ‘system_u:object_r:grafana_var_lib_t:s0’: Invalid argument
    chcon: failed to change context of 'LICENSE' to ‘system_u:object_r:grafana_var_lib_t:s0’: Invalid argument
    chcon: failed to change context of '64.js' to ‘system_u:object_r:grafana_var_lib_t:s0’: Invalid argument
    chcon: failed to change context of '591.js.LICENSE.txt' to ‘system_u:object_r:grafana_var_lib_t:s0’: Invalid argument
    chcon: failed to change context of '768.js.map' to ‘system_u:object_r:grafana_var_lib_t:s0’: Invalid argument
    chcon: failed to change context of '767.js' to ‘system_u:object_r:grafana_var_lib_t:s0’: Invalid argument
    chcon: failed to change context of '70.js' to ‘system_u:object_r:grafana_var_lib_t:s0’: Invalid argument
    chcon: failed to change context of 'module.js' to ‘system_u:object_r:grafana_var_lib_t:s0’: Invalid argument
    chcon: failed to change context of '341.js.map' to ‘system_u:object_r:grafana_var_lib_t:s0’: Invalid argument
    chcon: failed to change context of '591.js' to ‘system_u:object_r:grafana_var_lib_t:s0’: Invalid argument
    chcon: failed to change context of '660.js' to ‘system_u:object_r:grafana_var_lib_t:s0’: Invalid argument
    chcon: failed to change context of '156.js.map' to ‘system_u:object_r:grafana_var_lib_t:s0’: Invalid argument
    chcon: failed to change context of 'ac01ecbc64128d2f3e68.svg' to ‘system_u:object_r:grafana_var_lib_t:s0’: Invalid argument
    chcon: failed to change context of '206.js' to ‘system_u:object_r:grafana_var_lib_t:s0’: Invalid argument
    chcon: failed to change context of '327.js' to ‘system_u:object_r:grafana_var_lib_t:s0’: Invalid argument
    chcon: failed to change context of '549.js.map' to ‘system_u:object_r:grafana_var_lib_t:s0’: Invalid argument
    chcon: failed to change context of '14.js.map' to ‘system_u:object_r:grafana_var_lib_t:s0’: Invalid argument
    chcon: failed to change context of '980.js.map' to ‘system_u:object_r:grafana_var_lib_t:s0’: Invalid argument
    chcon: failed to change context of '644.js' to ‘system_u:object_r:grafana_var_lib_t:s0’: Invalid argument
    chcon: failed to change context of 'CHANGELOG.md' to ‘system_u:object_r:grafana_var_lib_t:s0’: Invalid argument
    chcon: failed to change context of '697.js' to ‘system_u:object_r:grafana_var_lib_t:s0’: Invalid argument
    chcon: failed to change context of '190.js' to ‘system_u:object_r:grafana_var_lib_t:s0’: Invalid argument
    chcon: failed to change context of 'MANIFEST.txt' to ‘system_u:object_r:grafana_var_lib_t:s0’: Invalid argument
    chcon: failed to change context of '204.js' to ‘system_u:object_r:grafana_var_lib_t:s0’: Invalid argument
    chcon: failed to change context of 'plugin.json' to ‘system_u:object_r:grafana_var_lib_t:s0’: Invalid argument
    chcon: failed to change context of '156.js' to ‘system_u:object_r:grafana_var_lib_t:s0’: Invalid argument
    chcon: failed to change context of '2.js' to ‘system_u:object_r:grafana_var_lib_t:s0’: Invalid argument
    chcon: failed to change context of '876.js.map' to ‘system_u:object_r:grafana_var_lib_t:s0’: Invalid argument
    chcon: failed to change context of '353.js.map' to ‘system_u:object_r:grafana_var_lib_t:s0’: Invalid argument
    chcon: failed to change context of '74.js' to ‘system_u:object_r:grafana_var_lib_t:s0’: Invalid argument
    chcon: failed to change context of '64.js.map' to ‘system_u:object_r:grafana_var_lib_t:s0’: Invalid argument
    chcon: failed to change context of '74.js.map' to ‘system_u:object_r:grafana_var_lib_t:s0’: Invalid argument
    chcon: failed to change context of '150.js.map' to ‘system_u:object_r:grafana_var_lib_t:s0’: Invalid argument
    chcon: failed to change context of 'e3073e8a2e7fa54c1753.wasm' to ‘system_u:object_r:grafana_var_lib_t:s0’: Invalid argument
    chcon: failed to change context of '944.js' to ‘system_u:object_r:grafana_var_lib_t:s0’: Invalid argument
    chcon: failed to change context of '503.js.map' to ‘system_u:object_r:grafana_var_lib_t:s0’: Invalid argument
    chcon: failed to change context of '549.js' to ‘system_u:object_r:grafana_var_lib_t:s0’: Invalid argument
    chcon: failed to change context of '660.js.map' to ‘system_u:object_r:grafana_var_lib_t:s0’: Invalid argument
    chcon: failed to change context of '582.js.map' to ‘system_u:object_r:grafana_var_lib_t:s0’: Invalid argument
    chcon: failed to change context of '494.js.map' to ‘system_u:object_r:grafana_var_lib_t:s0’: Invalid argument
    chcon: failed to change context of '944.js.map' to ‘system_u:object_r:grafana_var_lib_t:s0’: Invalid argument
    chcon: failed to change context of '206.js.map' to ‘system_u:object_r:grafana_var_lib_t:s0’: Invalid argument
    chcon: failed to change context of '538.js.map' to ‘system_u:object_r:grafana_var_lib_t:s0’: Invalid argument
    chcon: failed to change context of 'module.js.map' to ‘system_u:object_r:grafana_var_lib_t:s0’: Invalid argument
    chcon: failed to change context of '509.js.map' to ‘system_u:object_r:grafana_var_lib_t:s0’: Invalid argument
    chcon: failed to change context of '644.js.map' to ‘system_u:object_r:grafana_var_lib_t:s0’: Invalid argument
    chcon: failed to change context of '70.js.map' to ‘system_u:object_r:grafana_var_lib_t:s0’: Invalid argument
    chcon: failed to change context of '538.js' to ‘system_u:object_r:grafana_var_lib_t:s0’: Invalid argument
    chcon: failed to change context of '190.js.map' to ‘system_u:object_r:grafana_var_lib_t:s0’: Invalid argument
    chcon: failed to change context of '327.js.map' to ‘system_u:object_r:grafana_var_lib_t:s0’: Invalid argument
    chcon: failed to change context of 'README.md' to ‘system_u:object_r:grafana_var_lib_t:s0’: Invalid argument
    chcon: failed to change context of '792.js' to ‘system_u:object_r:grafana_var_lib_t:s0’: Invalid argument
    chcon: failed to change context of '353.js' to ‘system_u:object_r:grafana_var_lib_t:s0’: Invalid argument
    chcon: failed to change context of '768.js' to ‘system_u:object_r:grafana_var_lib_t:s0’: Invalid argument
    chcon: failed to change context of '14.js.LICENSE.txt' to ‘system_u:object_r:grafana_var_lib_t:s0’: Invalid argument
    chcon: failed to change context of '150.js' to ‘system_u:object_r:grafana_var_lib_t:s0’: Invalid argument
    chcon: failed to change context of '14.js' to ‘system_u:object_r:grafana_var_lib_t:s0’: Invalid argument
    chcon: failed to change context of '591.js.map' to ‘system_u:object_r:grafana_var_lib_t:s0’: Invalid argument
    chcon: failed to change context of '876.js' to ‘system_u:object_r:grafana_var_lib_t:s0’: Invalid argument
    chcon: failed to change context of '509.js' to ‘system_u:object_r:grafana_var_lib_t:s0’: Invalid argument
    chcon: failed to change context of '204.js.map' to ‘system_u:object_r:grafana_var_lib_t:s0’: Invalid argument
    chcon: failed to change context of '2.js.map' to ‘system_u:object_r:grafana_var_lib_t:s0’: Invalid argument
    chcon: failed to change context of '582.js' to ‘system_u:object_r:grafana_var_lib_t:s0’: Invalid argument
    chcon: failed to change context of '220.js.map' to ‘system_u:object_r:grafana_var_lib_t:s0’: Invalid argument
    chcon: failed to change context of '452.js' to ‘system_u:object_r:grafana_var_lib_t:s0’: Invalid argument
    chcon: failed to change context of '792.js.map' to ‘system_u:object_r:grafana_var_lib_t:s0’: Invalid argument
    chcon: failed to change context of '980.js' to ‘system_u:object_r:grafana_var_lib_t:s0’: Invalid argument
    chcon: failed to change context of '697.js.map' to ‘system_u:object_r:grafana_var_lib_t:s0’: Invalid argument
    chcon: failed to change context of '503.js' to ‘system_u:object_r:grafana_var_lib_t:s0’: Invalid argument
    chcon: failed to change context of '767.js.map' to ‘system_u:object_r:grafana_var_lib_t:s0’: Invalid argument
    chcon: failed to change context of 'metrics-drilldown.png' to ‘system_u:object_r:grafana_var_lib_t:s0’: Invalid argument
    chcon: failed to change context of 'logo.svg' to ‘system_u:object_r:grafana_var_lib_t:s0’: Invalid argument
    chcon: failed to change context of 'breakdown.png' to ‘system_u:object_r:grafana_var_lib_t:s0’: Invalid argument
    chcon: failed to change context of 'img' to ‘system_u:object_r:grafana_var_lib_t:s0’: Invalid argument
    chcon: failed to change context of '494.js' to ‘system_u:object_r:grafana_var_lib_t:s0’: Invalid argument
    chcon: failed to change context of '452.js.map' to ‘system_u:object_r:grafana_var_lib_t:s0’: Invalid argument
    chcon: failed to change context of '220.js' to ‘system_u:object_r:grafana_var_lib_t:s0’: Invalid argument
    chcon: failed to change context of 'grafana-metricsdrilldown-app' to ‘system_u:object_r:grafana_var_lib_t:s0’: Invalid argument
    chcon: failed to change context of 'plugins' to ‘system_u:object_r:grafana_var_lib_t:s0’: Invalid argument
    chcon: failed to change context of '/var/lib/grafana' to ‘unconfined_u:object_r:grafana_var_lib_t:s0’: Invalid argument
  stderr_lines: <omitted>
  stdout: ''
  stdout_lines: <omitted>
2026-01-01 18:33:37,264 p=1186385 u=mukesh n=ansible INFO| ...ignoring
2026-01-01 18:33:37,269 p=1186385 u=mukesh n=ansible INFO| TASK [grafana : Ensure firewalld is installed and started] *******************************************************************************
2026-01-01 18:33:38,868 p=1186385 u=mukesh n=ansible INFO| ok: [ec2-3-110-197-121.ap-south-1.compute.amazonaws.com]
2026-01-01 18:33:38,872 p=1186385 u=mukesh n=ansible INFO| TASK [grafana : Start firewalld] *********************************************************************************************************
2026-01-01 18:33:39,681 p=1186385 u=mukesh n=ansible INFO| ok: [ec2-3-110-197-121.ap-south-1.compute.amazonaws.com]
2026-01-01 18:33:39,691 p=1186385 u=mukesh n=ansible INFO| TASK [grafana : Open Prometheus port] ****************************************************************************************************
2026-01-01 18:33:40,679 p=1186385 u=mukesh n=ansible INFO| ok: [ec2-3-110-197-121.ap-south-1.compute.amazonaws.com]
2026-01-01 18:33:40,685 p=1186385 u=mukesh n=ansible INFO| TASK [grafana : Open blackbox exporter port] *********************************************************************************************
2026-01-01 18:33:41,289 p=1186385 u=mukesh n=ansible INFO| ok: [ec2-3-110-197-121.ap-south-1.compute.amazonaws.com]
2026-01-01 18:33:41,297 p=1186385 u=mukesh n=ansible INFO| TASK [grafana : Open Grafana port] *******************************************************************************************************
2026-01-01 18:33:42,012 p=1186385 u=mukesh n=ansible INFO| ok: [ec2-3-110-197-121.ap-south-1.compute.amazonaws.com]
2026-01-01 18:33:42,019 p=1186385 u=mukesh n=ansible INFO| TASK [grafana : Reload firewalld] ********************************************************************************************************
2026-01-01 18:33:43,858 p=1186385 u=mukesh n=ansible INFO| changed: [ec2-3-110-197-121.ap-south-1.compute.amazonaws.com]
2026-01-01 18:33:43,868 p=1186385 u=mukesh n=ansible INFO| TASK [grafana : Enable and start Grafana] ************************************************************************************************
2026-01-01 18:33:45,935 p=1186385 u=mukesh n=ansible INFO| changed: [ec2-3-110-197-121.ap-south-1.compute.amazonaws.com]
2026-01-01 18:33:45,940 p=1186385 u=mukesh n=ansible INFO| TASK [grafana : include_tasks] ***********************************************************************************************************
2026-01-01 18:33:45,954 p=1186385 u=mukesh n=ansible INFO| skipping: [ec2-3-110-197-121.ap-south-1.compute.amazonaws.com]
2026-01-01 18:33:45,963 p=1186385 u=mukesh n=ansible INFO| TASK [blackbox : Install Blackbox exporter on RedHat] ************************************************************************************
2026-01-01 18:33:45,995 p=1186385 u=mukesh n=ansible INFO| included: /home/mukesh/Ansible-git-push/Assignment5a/roles/blackbox/tasks/redhat.yml for ec2-3-110-197-121.ap-south-1.compute.amazonaws.com
2026-01-01 18:33:45,998 p=1186385 u=mukesh n=ansible INFO| TASK [blackbox : Create blackbox user] ***************************************************************************************************
2026-01-01 18:33:46,928 p=1186385 u=mukesh n=ansible INFO| ok: [ec2-3-110-197-121.ap-south-1.compute.amazonaws.com]
2026-01-01 18:33:46,937 p=1186385 u=mukesh n=ansible INFO| TASK [blackbox : Download blackbox exporter] *********************************************************************************************
2026-01-01 18:33:48,039 p=1186385 u=mukesh n=ansible INFO| ok: [ec2-3-110-197-121.ap-south-1.compute.amazonaws.com]
2026-01-01 18:33:48,048 p=1186385 u=mukesh n=ansible INFO| TASK [blackbox : Extract blackbox exporter] **********************************************************************************************
2026-01-01 18:33:50,186 p=1186385 u=mukesh n=ansible INFO| ok: [ec2-3-110-197-121.ap-south-1.compute.amazonaws.com]
2026-01-01 18:33:50,194 p=1186385 u=mukesh n=ansible INFO| TASK [blackbox : Install blackbox binary] ************************************************************************************************
2026-01-01 18:33:51,153 p=1186385 u=mukesh n=ansible INFO| ok: [ec2-3-110-197-121.ap-south-1.compute.amazonaws.com]
2026-01-01 18:33:51,157 p=1186385 u=mukesh n=ansible INFO| TASK [blackbox : Copy blackbox config] ***************************************************************************************************
2026-01-01 18:33:52,447 p=1186385 u=mukesh n=ansible INFO| ok: [ec2-3-110-197-121.ap-south-1.compute.amazonaws.com]
2026-01-01 18:33:52,454 p=1186385 u=mukesh n=ansible INFO| TASK [blackbox : Set SELinux context for blackbox config] ********************************************************************************
2026-01-01 18:33:53,488 p=1186385 u=mukesh n=ansible INFO| ok: [ec2-3-110-197-121.ap-south-1.compute.amazonaws.com]
2026-01-01 18:33:53,495 p=1186385 u=mukesh n=ansible INFO| TASK [blackbox : Set SELinux context for blackbox binary] ********************************************************************************
2026-01-01 18:33:54,204 p=1186385 u=mukesh n=ansible INFO| ok: [ec2-3-110-197-121.ap-south-1.compute.amazonaws.com]
2026-01-01 18:33:54,211 p=1186385 u=mukesh n=ansible INFO| TASK [blackbox : Apply SELinux contexts] *************************************************************************************************
2026-01-01 18:33:54,709 p=1186385 u=mukesh n=ansible INFO| changed: [ec2-3-110-197-121.ap-south-1.compute.amazonaws.com]
2026-01-01 18:33:54,733 p=1186385 u=mukesh n=ansible INFO| TASK [blackbox : Create systemd service] *************************************************************************************************
2026-01-01 18:33:56,117 p=1186385 u=mukesh n=ansible INFO| ok: [ec2-3-110-197-121.ap-south-1.compute.amazonaws.com]
2026-01-01 18:33:56,123 p=1186385 u=mukesh n=ansible INFO| TASK [blackbox : Reload systemd] *********************************************************************************************************
2026-01-01 18:33:57,264 p=1186385 u=mukesh n=ansible INFO| changed: [ec2-3-110-197-121.ap-south-1.compute.amazonaws.com]
2026-01-01 18:33:57,273 p=1186385 u=mukesh n=ansible INFO| TASK [blackbox : Enable and start blackbox exporter] *************************************************************************************
2026-01-01 18:33:58,630 p=1186385 u=mukesh n=ansible INFO| ok: [ec2-3-110-197-121.ap-south-1.compute.amazonaws.com]
2026-01-01 18:33:58,634 p=1186385 u=mukesh n=ansible INFO| TASK [blackbox : Install Blackbox exporter on Ubuntu/Debian] *****************************************************************************
2026-01-01 18:33:58,649 p=1186385 u=mukesh n=ansible INFO| skipping: [ec2-3-110-197-121.ap-south-1.compute.amazonaws.com]
2026-01-01 18:33:58,657 p=1186385 u=mukesh n=ansible INFO| PLAY RECAP *******************************************************************************************************************************
2026-01-01 18:33:58,657 p=1186385 u=mukesh n=ansible INFO| ec2-3-110-197-121.ap-south-1.compute.amazonaws.com : ok=41   changed=7    unreachable=0    failed=0    skipped=3    rescued=0    ignored=1   
2026-01-01 18:33:58,657 p=1186385 u=mukesh n=ansible INFO| ec2-3-111-150-107.ap-south-1.compute.amazonaws.com : ok=13   changed=2    unreachable=0    failed=0    skipped=6    rescued=0    ignored=0   
2026-01-01 18:35:43,192 p=1188063 u=mukesh n=ansible INFO| PLAY [Configure Application Server] ******************************************************************************************************
2026-01-01 18:35:43,208 p=1188063 u=mukesh n=ansible WARNING| [WARNING]: Found variable using reserved name 'tags'.
Origin: <unknown>

tags


2026-01-01 18:35:43,209 p=1188063 u=mukesh n=ansible INFO| TASK [app_server : Load OS specific vars] ************************************************************************************************
2026-01-01 18:35:43,235 p=1188063 u=mukesh n=ansible INFO| ok: [ec2-3-111-150-107.ap-south-1.compute.amazonaws.com]
2026-01-01 18:35:43,239 p=1188063 u=mukesh n=ansible INFO| TASK [app_server : Install packages on Debian/Ubuntu] ************************************************************************************
2026-01-01 18:35:51,243 p=1188063 u=mukesh n=ansible INFO| ok: [ec2-3-111-150-107.ap-south-1.compute.amazonaws.com]
2026-01-01 18:35:51,250 p=1188063 u=mukesh n=ansible INFO| TASK [app_server : Enable extras repo for Maven (Amazon Linux)] **************************************************************************
2026-01-01 18:35:51,261 p=1188063 u=mukesh n=ansible INFO| skipping: [ec2-3-111-150-107.ap-south-1.compute.amazonaws.com]
2026-01-01 18:35:51,267 p=1188063 u=mukesh n=ansible INFO| TASK [app_server : Install packages on RedHat/Amazon Linux] ******************************************************************************
2026-01-01 18:35:51,279 p=1188063 u=mukesh n=ansible INFO| skipping: [ec2-3-111-150-107.ap-south-1.compute.amazonaws.com]
2026-01-01 18:35:51,285 p=1188063 u=mukesh n=ansible INFO| TASK [app_server : Install Maven via EPEL (Amazon Linux)] ********************************************************************************
2026-01-01 18:35:51,297 p=1188063 u=mukesh n=ansible INFO| skipping: [ec2-3-111-150-107.ap-south-1.compute.amazonaws.com]
2026-01-01 18:35:51,302 p=1188063 u=mukesh n=ansible INFO| TASK [app_server : Clone application repo] ***********************************************************************************************
2026-01-01 18:35:53,184 p=1188063 u=mukesh n=ansible INFO| ok: [ec2-3-111-150-107.ap-south-1.compute.amazonaws.com]
2026-01-01 18:35:53,202 p=1188063 u=mukesh n=ansible INFO| TASK [app_server : Build application] ****************************************************************************************************
2026-01-01 18:36:00,761 p=1188063 u=mukesh n=ansible INFO| changed: [ec2-3-111-150-107.ap-south-1.compute.amazonaws.com]
2026-01-01 18:36:00,770 p=1188063 u=mukesh n=ansible INFO| TASK [app_server : Find built JAR file] **************************************************************************************************
2026-01-01 18:36:01,444 p=1188063 u=mukesh n=ansible INFO| ok: [ec2-3-111-150-107.ap-south-1.compute.amazonaws.com]
2026-01-01 18:36:01,452 p=1188063 u=mukesh n=ansible INFO| TASK [app_server : Fail if no JAR was built] *********************************************************************************************
2026-01-01 18:36:01,462 p=1188063 u=mukesh n=ansible INFO| skipping: [ec2-3-111-150-107.ap-south-1.compute.amazonaws.com]
2026-01-01 18:36:01,467 p=1188063 u=mukesh n=ansible INFO| TASK [app_server : Create systemd service] ***********************************************************************************************
2026-01-01 18:36:02,886 p=1188063 u=mukesh n=ansible INFO| ok: [ec2-3-111-150-107.ap-south-1.compute.amazonaws.com]
2026-01-01 18:36:02,901 p=1188063 u=mukesh n=ansible INFO| TASK [app_server : Enable and start app] *************************************************************************************************
2026-01-01 18:36:03,833 p=1188063 u=mukesh n=ansible INFO| ok: [ec2-3-111-150-107.ap-south-1.compute.amazonaws.com]
2026-01-01 18:36:03,843 p=1188063 u=mukesh n=ansible INFO| TASK [node_exporter : Install Node Exporter on RedHat] ***********************************************************************************
2026-01-01 18:36:03,853 p=1188063 u=mukesh n=ansible INFO| skipping: [ec2-3-111-150-107.ap-south-1.compute.amazonaws.com]
2026-01-01 18:36:03,857 p=1188063 u=mukesh n=ansible INFO| TASK [node_exporter : Install Node Exporter on Ubuntu/Debian] ****************************************************************************
2026-01-01 18:36:03,877 p=1188063 u=mukesh n=ansible INFO| included: /home/mukesh/Ansible-git-push/Assignment5a/roles/node_exporter/tasks/ubuntu.yml for ec2-3-111-150-107.ap-south-1.compute.amazonaws.com
2026-01-01 18:36:03,880 p=1188063 u=mukesh n=ansible INFO| TASK [node_exporter : Create node exporter user] *****************************************************************************************
2026-01-01 18:36:04,567 p=1188063 u=mukesh n=ansible INFO| ok: [ec2-3-111-150-107.ap-south-1.compute.amazonaws.com]
2026-01-01 18:36:04,575 p=1188063 u=mukesh n=ansible INFO| TASK [node_exporter : Download Node Exporter archive] ************************************************************************************
2026-01-01 18:36:05,673 p=1188063 u=mukesh n=ansible INFO| ok: [ec2-3-111-150-107.ap-south-1.compute.amazonaws.com]
2026-01-01 18:36:05,683 p=1188063 u=mukesh n=ansible INFO| TASK [node_exporter : Extract Node Exporter binary] **************************************************************************************
2026-01-01 18:36:06,016 p=1188063 u=mukesh n=ansible INFO| skipping: [ec2-3-111-150-107.ap-south-1.compute.amazonaws.com]
2026-01-01 18:36:06,026 p=1188063 u=mukesh n=ansible INFO| TASK [node_exporter : Ensure Node Exporter binary is executable] *************************************************************************
2026-01-01 18:36:06,493 p=1188063 u=mukesh n=ansible INFO| ok: [ec2-3-111-150-107.ap-south-1.compute.amazonaws.com]
2026-01-01 18:36:06,504 p=1188063 u=mukesh n=ansible INFO| TASK [node_exporter : Create systemd service] ********************************************************************************************
2026-01-01 18:36:07,546 p=1188063 u=mukesh n=ansible INFO| ok: [ec2-3-111-150-107.ap-south-1.compute.amazonaws.com]
2026-01-01 18:36:07,561 p=1188063 u=mukesh n=ansible INFO| RUNNING HANDLER [app_server : restart application] ***************************************************************************************
2026-01-01 18:36:08,366 p=1188063 u=mukesh n=ansible INFO| changed: [ec2-3-111-150-107.ap-south-1.compute.amazonaws.com]
2026-01-01 18:36:08,371 p=1188063 u=mukesh n=ansible INFO| PLAY [Configure Monitoring Stack] ********************************************************************************************************
2026-01-01 18:36:08,380 p=1188063 u=mukesh n=ansible INFO| TASK [prometheus : Install Prometheus on RedHat] *****************************************************************************************
2026-01-01 18:36:08,403 p=1188063 u=mukesh n=ansible INFO| included: /home/mukesh/Ansible-git-push/Assignment5a/roles/prometheus/tasks/redhat.yml for ec2-3-110-197-121.ap-south-1.compute.amazonaws.com
2026-01-01 18:36:08,406 p=1188063 u=mukesh n=ansible INFO| TASK [prometheus : Ensure Prometheus user exists] ****************************************************************************************
2026-01-01 18:36:20,442 p=1188063 u=mukesh n=ansible ERROR| [ERROR]: Task failed: Timeout (12s) waiting for privilege escalation prompt:
Origin: /home/mukesh/Ansible-git-push/Assignment5a/roles/prometheus/tasks/redhat.yml:2:3

1 ---
2 - name: Ensure Prometheus user exists
    ^ column 3


2026-01-01 18:36:20,444 p=1188063 u=mukesh n=ansible INFO| fatal: [ec2-3-110-197-121.ap-south-1.compute.amazonaws.com]: UNREACHABLE! => changed=false 
  msg: 'Task failed: Timeout (12s) waiting for privilege escalation prompt:'
  unreachable: true
2026-01-01 18:36:20,445 p=1188063 u=mukesh n=ansible INFO| PLAY RECAP *******************************************************************************************************************************
2026-01-01 18:36:20,446 p=1188063 u=mukesh n=ansible INFO| ec2-3-110-197-121.ap-south-1.compute.amazonaws.com : ok=1    changed=0    unreachable=1    failed=0    skipped=0    rescued=0    ignored=0   
2026-01-01 18:36:20,446 p=1188063 u=mukesh n=ansible INFO| ec2-3-111-150-107.ap-south-1.compute.amazonaws.com : ok=13   changed=2    unreachable=0    failed=0    skipped=6    rescued=0    ignored=0   
2026-01-01 18:37:04,602 p=1188777 u=mukesh n=ansible INFO| PLAY [Configure Application Server] ******************************************************************************************************
2026-01-01 18:37:04,619 p=1188777 u=mukesh n=ansible WARNING| [WARNING]: Found variable using reserved name 'tags'.
Origin: <unknown>

tags


2026-01-01 18:37:04,620 p=1188777 u=mukesh n=ansible INFO| TASK [app_server : Load OS specific vars] ************************************************************************************************
2026-01-01 18:37:04,649 p=1188777 u=mukesh n=ansible INFO| ok: [ec2-3-111-150-107.ap-south-1.compute.amazonaws.com]
2026-01-01 18:37:04,654 p=1188777 u=mukesh n=ansible INFO| TASK [app_server : Install packages on Debian/Ubuntu] ************************************************************************************
2026-01-01 18:37:07,343 p=1188777 u=mukesh n=ansible INFO| ok: [ec2-3-111-150-107.ap-south-1.compute.amazonaws.com]
2026-01-01 18:37:07,356 p=1188777 u=mukesh n=ansible INFO| TASK [app_server : Enable extras repo for Maven (Amazon Linux)] **************************************************************************
2026-01-01 18:37:07,392 p=1188777 u=mukesh n=ansible INFO| skipping: [ec2-3-111-150-107.ap-south-1.compute.amazonaws.com]
2026-01-01 18:37:07,405 p=1188777 u=mukesh n=ansible INFO| TASK [app_server : Install packages on RedHat/Amazon Linux] ******************************************************************************
2026-01-01 18:37:07,424 p=1188777 u=mukesh n=ansible INFO| skipping: [ec2-3-111-150-107.ap-south-1.compute.amazonaws.com]
2026-01-01 18:37:07,429 p=1188777 u=mukesh n=ansible INFO| TASK [app_server : Install Maven via EPEL (Amazon Linux)] ********************************************************************************
2026-01-01 18:37:07,443 p=1188777 u=mukesh n=ansible INFO| skipping: [ec2-3-111-150-107.ap-south-1.compute.amazonaws.com]
2026-01-01 18:37:07,447 p=1188777 u=mukesh n=ansible INFO| TASK [app_server : Clone application repo] ***********************************************************************************************
2026-01-01 18:37:09,180 p=1188777 u=mukesh n=ansible INFO| ok: [ec2-3-111-150-107.ap-south-1.compute.amazonaws.com]
2026-01-01 18:37:09,190 p=1188777 u=mukesh n=ansible INFO| TASK [app_server : Build application] ****************************************************************************************************
2026-01-01 18:37:16,025 p=1188777 u=mukesh n=ansible INFO| changed: [ec2-3-111-150-107.ap-south-1.compute.amazonaws.com]
2026-01-01 18:37:16,033 p=1188777 u=mukesh n=ansible INFO| TASK [app_server : Find built JAR file] **************************************************************************************************
2026-01-01 18:37:17,109 p=1188777 u=mukesh n=ansible INFO| ok: [ec2-3-111-150-107.ap-south-1.compute.amazonaws.com]
2026-01-01 18:37:17,118 p=1188777 u=mukesh n=ansible INFO| TASK [app_server : Fail if no JAR was built] *********************************************************************************************
2026-01-01 18:37:17,131 p=1188777 u=mukesh n=ansible INFO| skipping: [ec2-3-111-150-107.ap-south-1.compute.amazonaws.com]
2026-01-01 18:37:17,136 p=1188777 u=mukesh n=ansible INFO| TASK [app_server : Create systemd service] ***********************************************************************************************
2026-01-01 18:37:18,764 p=1188777 u=mukesh n=ansible INFO| ok: [ec2-3-111-150-107.ap-south-1.compute.amazonaws.com]
2026-01-01 18:37:18,775 p=1188777 u=mukesh n=ansible INFO| TASK [app_server : Enable and start app] *************************************************************************************************
2026-01-01 18:37:19,918 p=1188777 u=mukesh n=ansible INFO| ok: [ec2-3-111-150-107.ap-south-1.compute.amazonaws.com]
2026-01-01 18:37:19,932 p=1188777 u=mukesh n=ansible INFO| TASK [node_exporter : Install Node Exporter on RedHat] ***********************************************************************************
2026-01-01 18:37:19,945 p=1188777 u=mukesh n=ansible INFO| skipping: [ec2-3-111-150-107.ap-south-1.compute.amazonaws.com]
2026-01-01 18:37:19,949 p=1188777 u=mukesh n=ansible INFO| TASK [node_exporter : Install Node Exporter on Ubuntu/Debian] ****************************************************************************
2026-01-01 18:37:19,971 p=1188777 u=mukesh n=ansible INFO| included: /home/mukesh/Ansible-git-push/Assignment5a/roles/node_exporter/tasks/ubuntu.yml for ec2-3-111-150-107.ap-south-1.compute.amazonaws.com
2026-01-01 18:37:19,975 p=1188777 u=mukesh n=ansible INFO| TASK [node_exporter : Create node exporter user] *****************************************************************************************
2026-01-01 18:37:20,732 p=1188777 u=mukesh n=ansible INFO| ok: [ec2-3-111-150-107.ap-south-1.compute.amazonaws.com]
2026-01-01 18:37:20,739 p=1188777 u=mukesh n=ansible INFO| TASK [node_exporter : Download Node Exporter archive] ************************************************************************************
2026-01-01 18:37:21,500 p=1188777 u=mukesh n=ansible INFO| ok: [ec2-3-111-150-107.ap-south-1.compute.amazonaws.com]
2026-01-01 18:37:21,513 p=1188777 u=mukesh n=ansible INFO| TASK [node_exporter : Extract Node Exporter binary] **************************************************************************************
2026-01-01 18:37:21,840 p=1188777 u=mukesh n=ansible INFO| skipping: [ec2-3-111-150-107.ap-south-1.compute.amazonaws.com]
2026-01-01 18:37:21,846 p=1188777 u=mukesh n=ansible INFO| TASK [node_exporter : Ensure Node Exporter binary is executable] *************************************************************************
2026-01-01 18:37:22,311 p=1188777 u=mukesh n=ansible INFO| ok: [ec2-3-111-150-107.ap-south-1.compute.amazonaws.com]
2026-01-01 18:37:22,319 p=1188777 u=mukesh n=ansible INFO| TASK [node_exporter : Create systemd service] ********************************************************************************************
2026-01-01 18:37:23,323 p=1188777 u=mukesh n=ansible INFO| ok: [ec2-3-111-150-107.ap-south-1.compute.amazonaws.com]
2026-01-01 18:37:23,342 p=1188777 u=mukesh n=ansible INFO| RUNNING HANDLER [app_server : restart application] ***************************************************************************************
2026-01-01 18:37:24,219 p=1188777 u=mukesh n=ansible INFO| changed: [ec2-3-111-150-107.ap-south-1.compute.amazonaws.com]
2026-01-01 18:37:24,226 p=1188777 u=mukesh n=ansible INFO| PLAY [Configure Monitoring Stack] ********************************************************************************************************
2026-01-01 18:37:24,234 p=1188777 u=mukesh n=ansible INFO| TASK [prometheus : Install Prometheus on RedHat] *****************************************************************************************
2026-01-01 18:37:24,263 p=1188777 u=mukesh n=ansible INFO| included: /home/mukesh/Ansible-git-push/Assignment5a/roles/prometheus/tasks/redhat.yml for ec2-3-110-197-121.ap-south-1.compute.amazonaws.com
2026-01-01 18:37:24,266 p=1188777 u=mukesh n=ansible INFO| TASK [prometheus : Ensure Prometheus user exists] ****************************************************************************************
2026-01-01 18:37:36,307 p=1188777 u=mukesh n=ansible ERROR| [ERROR]: Task failed: Timeout (12s) waiting for privilege escalation prompt:
Origin: /home/mukesh/Ansible-git-push/Assignment5a/roles/prometheus/tasks/redhat.yml:2:3

1 ---
2 - name: Ensure Prometheus user exists
    ^ column 3


2026-01-01 18:37:36,308 p=1188777 u=mukesh n=ansible INFO| fatal: [ec2-3-110-197-121.ap-south-1.compute.amazonaws.com]: UNREACHABLE! => changed=false 
  msg: 'Task failed: Timeout (12s) waiting for privilege escalation prompt:'
  unreachable: true
2026-01-01 18:37:36,309 p=1188777 u=mukesh n=ansible INFO| PLAY RECAP *******************************************************************************************************************************
2026-01-01 18:37:36,309 p=1188777 u=mukesh n=ansible INFO| ec2-3-110-197-121.ap-south-1.compute.amazonaws.com : ok=1    changed=0    unreachable=1    failed=0    skipped=0    rescued=0    ignored=0   
2026-01-01 18:37:36,309 p=1188777 u=mukesh n=ansible INFO| ec2-3-111-150-107.ap-south-1.compute.amazonaws.com : ok=13   changed=2    unreachable=0    failed=0    skipped=6    rescued=0    ignored=0   
2026-01-01 18:38:27,931 p=1189515 u=mukesh n=ansible INFO| PLAY [Configure Application Server] ******************************************************************************************************
2026-01-01 18:38:27,948 p=1189515 u=mukesh n=ansible WARNING| [WARNING]: Found variable using reserved name 'tags'.
Origin: <unknown>

tags


2026-01-01 18:38:27,949 p=1189515 u=mukesh n=ansible INFO| TASK [app_server : Load OS specific vars] ************************************************************************************************
2026-01-01 18:38:27,985 p=1189515 u=mukesh n=ansible INFO| ok: [ec2-3-111-150-107.ap-south-1.compute.amazonaws.com]
2026-01-01 18:38:27,989 p=1189515 u=mukesh n=ansible INFO| TASK [app_server : Install packages on Debian/Ubuntu] ************************************************************************************
2026-01-01 18:38:35,998 p=1189515 u=mukesh n=ansible INFO| ok: [ec2-3-111-150-107.ap-south-1.compute.amazonaws.com]
2026-01-01 18:38:36,007 p=1189515 u=mukesh n=ansible INFO| TASK [app_server : Enable extras repo for Maven (Amazon Linux)] **************************************************************************
2026-01-01 18:38:36,021 p=1189515 u=mukesh n=ansible INFO| skipping: [ec2-3-111-150-107.ap-south-1.compute.amazonaws.com]
2026-01-01 18:38:36,027 p=1189515 u=mukesh n=ansible INFO| TASK [app_server : Install packages on RedHat/Amazon Linux] ******************************************************************************
2026-01-01 18:38:36,039 p=1189515 u=mukesh n=ansible INFO| skipping: [ec2-3-111-150-107.ap-south-1.compute.amazonaws.com]
2026-01-01 18:38:36,046 p=1189515 u=mukesh n=ansible INFO| TASK [app_server : Install Maven via EPEL (Amazon Linux)] ********************************************************************************
2026-01-01 18:38:36,060 p=1189515 u=mukesh n=ansible INFO| skipping: [ec2-3-111-150-107.ap-south-1.compute.amazonaws.com]
2026-01-01 18:38:36,064 p=1189515 u=mukesh n=ansible INFO| TASK [app_server : Clone application repo] ***********************************************************************************************
2026-01-01 18:38:37,738 p=1189515 u=mukesh n=ansible INFO| ok: [ec2-3-111-150-107.ap-south-1.compute.amazonaws.com]
2026-01-01 18:38:37,746 p=1189515 u=mukesh n=ansible INFO| TASK [app_server : Build application] ****************************************************************************************************
2026-01-01 18:38:45,114 p=1189515 u=mukesh n=ansible INFO| changed: [ec2-3-111-150-107.ap-south-1.compute.amazonaws.com]
2026-01-01 18:38:45,122 p=1189515 u=mukesh n=ansible INFO| TASK [app_server : Find built JAR file] **************************************************************************************************
2026-01-01 18:38:45,831 p=1189515 u=mukesh n=ansible INFO| ok: [ec2-3-111-150-107.ap-south-1.compute.amazonaws.com]
2026-01-01 18:38:45,837 p=1189515 u=mukesh n=ansible INFO| TASK [app_server : Fail if no JAR was built] *********************************************************************************************
2026-01-01 18:38:45,850 p=1189515 u=mukesh n=ansible INFO| skipping: [ec2-3-111-150-107.ap-south-1.compute.amazonaws.com]
2026-01-01 18:38:45,854 p=1189515 u=mukesh n=ansible INFO| TASK [app_server : Create systemd service] ***********************************************************************************************
2026-01-01 18:38:47,236 p=1189515 u=mukesh n=ansible INFO| ok: [ec2-3-111-150-107.ap-south-1.compute.amazonaws.com]
2026-01-01 18:38:47,244 p=1189515 u=mukesh n=ansible INFO| TASK [app_server : Enable and start app] *************************************************************************************************
2026-01-01 18:38:48,287 p=1189515 u=mukesh n=ansible INFO| ok: [ec2-3-111-150-107.ap-south-1.compute.amazonaws.com]
2026-01-01 18:38:48,297 p=1189515 u=mukesh n=ansible INFO| TASK [node_exporter : Install Node Exporter on RedHat] ***********************************************************************************
2026-01-01 18:38:48,311 p=1189515 u=mukesh n=ansible INFO| skipping: [ec2-3-111-150-107.ap-south-1.compute.amazonaws.com]
2026-01-01 18:38:48,315 p=1189515 u=mukesh n=ansible INFO| TASK [node_exporter : Install Node Exporter on Ubuntu/Debian] ****************************************************************************
2026-01-01 18:38:48,336 p=1189515 u=mukesh n=ansible INFO| included: /home/mukesh/Ansible-git-push/Assignment5a/roles/node_exporter/tasks/ubuntu.yml for ec2-3-111-150-107.ap-south-1.compute.amazonaws.com
2026-01-01 18:38:48,341 p=1189515 u=mukesh n=ansible INFO| TASK [node_exporter : Create node exporter user] *****************************************************************************************
2026-01-01 18:38:49,105 p=1189515 u=mukesh n=ansible INFO| ok: [ec2-3-111-150-107.ap-south-1.compute.amazonaws.com]
2026-01-01 18:38:49,114 p=1189515 u=mukesh n=ansible INFO| TASK [node_exporter : Download Node Exporter archive] ************************************************************************************
2026-01-01 18:38:50,158 p=1189515 u=mukesh n=ansible INFO| ok: [ec2-3-111-150-107.ap-south-1.compute.amazonaws.com]
2026-01-01 18:38:50,170 p=1189515 u=mukesh n=ansible INFO| TASK [node_exporter : Extract Node Exporter binary] **************************************************************************************
2026-01-01 18:38:50,511 p=1189515 u=mukesh n=ansible INFO| skipping: [ec2-3-111-150-107.ap-south-1.compute.amazonaws.com]
2026-01-01 18:38:50,519 p=1189515 u=mukesh n=ansible INFO| TASK [node_exporter : Ensure Node Exporter binary is executable] *************************************************************************
2026-01-01 18:38:50,948 p=1189515 u=mukesh n=ansible INFO| ok: [ec2-3-111-150-107.ap-south-1.compute.amazonaws.com]
2026-01-01 18:38:50,959 p=1189515 u=mukesh n=ansible INFO| TASK [node_exporter : Create systemd service] ********************************************************************************************
2026-01-01 18:38:52,045 p=1189515 u=mukesh n=ansible INFO| ok: [ec2-3-111-150-107.ap-south-1.compute.amazonaws.com]
2026-01-01 18:38:52,058 p=1189515 u=mukesh n=ansible INFO| RUNNING HANDLER [app_server : restart application] ***************************************************************************************
2026-01-01 18:38:52,892 p=1189515 u=mukesh n=ansible INFO| changed: [ec2-3-111-150-107.ap-south-1.compute.amazonaws.com]
2026-01-01 18:38:52,895 p=1189515 u=mukesh n=ansible INFO| PLAY [Configure Monitoring Stack] ********************************************************************************************************
2026-01-01 18:38:52,903 p=1189515 u=mukesh n=ansible INFO| TASK [prometheus : Install Prometheus on RedHat] *****************************************************************************************
2026-01-01 18:38:52,931 p=1189515 u=mukesh n=ansible INFO| included: /home/mukesh/Ansible-git-push/Assignment5a/roles/prometheus/tasks/redhat.yml for ec2-3-110-197-121.ap-south-1.compute.amazonaws.com
2026-01-01 18:38:52,934 p=1189515 u=mukesh n=ansible INFO| TASK [prometheus : Ensure Prometheus user exists] ****************************************************************************************
2026-01-01 18:39:05,217 p=1189515 u=mukesh n=ansible INFO| ok: [ec2-3-110-197-121.ap-south-1.compute.amazonaws.com]
2026-01-01 18:39:05,222 p=1189515 u=mukesh n=ansible INFO| TASK [prometheus : Create required directories] ******************************************************************************************
2026-01-01 18:39:05,795 p=1189515 u=mukesh n=ansible INFO| ok: [ec2-3-110-197-121.ap-south-1.compute.amazonaws.com] => (item=/opt/prometheus)
2026-01-01 18:39:06,256 p=1189515 u=mukesh n=ansible INFO| ok: [ec2-3-110-197-121.ap-south-1.compute.amazonaws.com] => (item=/var/lib/prometheus)
2026-01-01 18:39:06,734 p=1189515 u=mukesh n=ansible INFO| ok: [ec2-3-110-197-121.ap-south-1.compute.amazonaws.com] => (item=/etc/prometheus)
2026-01-01 18:39:06,743 p=1189515 u=mukesh n=ansible INFO| TASK [prometheus : Download Prometheus tarball] ******************************************************************************************
2026-01-01 18:39:07,640 p=1189515 u=mukesh n=ansible INFO| ok: [ec2-3-110-197-121.ap-south-1.compute.amazonaws.com]
2026-01-01 18:39:07,648 p=1189515 u=mukesh n=ansible INFO| TASK [prometheus : Extract Prometheus] ***************************************************************************************************
2026-01-01 18:39:13,481 p=1189515 u=mukesh n=ansible INFO| ok: [ec2-3-110-197-121.ap-south-1.compute.amazonaws.com]
2026-01-01 18:39:13,491 p=1189515 u=mukesh n=ansible INFO| TASK [prometheus : Install Prometheus binaries] ******************************************************************************************
2026-01-01 18:39:15,612 p=1189515 u=mukesh n=ansible INFO| ok: [ec2-3-110-197-121.ap-south-1.compute.amazonaws.com] => (item=prometheus)
2026-01-01 18:39:17,918 p=1189515 u=mukesh n=ansible INFO| ok: [ec2-3-110-197-121.ap-south-1.compute.amazonaws.com] => (item=promtool)
2026-01-01 18:39:17,930 p=1189515 u=mukesh n=ansible INFO| TASK [prometheus : Copy Prometheus console files] ****************************************************************************************
2026-01-01 18:39:18,798 p=1189515 u=mukesh n=ansible INFO| ok: [ec2-3-110-197-121.ap-south-1.compute.amazonaws.com] => (item=consoles)
2026-01-01 18:39:19,559 p=1189515 u=mukesh n=ansible INFO| ok: [ec2-3-110-197-121.ap-south-1.compute.amazonaws.com] => (item=console_libraries)
2026-01-01 18:39:19,566 p=1189515 u=mukesh n=ansible INFO| TASK [prometheus : Copy Prometheus config] ***********************************************************************************************
2026-01-01 18:39:20,829 p=1189515 u=mukesh n=ansible INFO| ok: [ec2-3-110-197-121.ap-south-1.compute.amazonaws.com]
2026-01-01 18:39:20,837 p=1189515 u=mukesh n=ansible INFO| TASK [prometheus : Create Prometheus systemd service] ************************************************************************************
2026-01-01 18:39:22,275 p=1189515 u=mukesh n=ansible INFO| ok: [ec2-3-110-197-121.ap-south-1.compute.amazonaws.com]
2026-01-01 18:39:22,285 p=1189515 u=mukesh n=ansible INFO| TASK [prometheus : Reload systemd daemon] ************************************************************************************************
2026-01-01 18:39:23,153 p=1189515 u=mukesh n=ansible INFO| changed: [ec2-3-110-197-121.ap-south-1.compute.amazonaws.com]
2026-01-01 18:39:23,162 p=1189515 u=mukesh n=ansible INFO| TASK [prometheus : Ensure Prometheus service is enabled and running] *********************************************************************
2026-01-01 18:39:24,195 p=1189515 u=mukesh n=ansible INFO| ok: [ec2-3-110-197-121.ap-south-1.compute.amazonaws.com]
2026-01-01 18:39:24,201 p=1189515 u=mukesh n=ansible INFO| TASK [prometheus : Install Prometheus on Ubuntu/Debian] **********************************************************************************
2026-01-01 18:39:24,214 p=1189515 u=mukesh n=ansible INFO| skipping: [ec2-3-110-197-121.ap-south-1.compute.amazonaws.com]
2026-01-01 18:39:24,222 p=1189515 u=mukesh n=ansible INFO| TASK [grafana : include_tasks] ***********************************************************************************************************
2026-01-01 18:39:24,253 p=1189515 u=mukesh n=ansible INFO| included: /home/mukesh/Ansible-git-push/Assignment5a/roles/grafana/tasks/redhat.yml for ec2-3-110-197-121.ap-south-1.compute.amazonaws.com
2026-01-01 18:39:24,256 p=1189515 u=mukesh n=ansible INFO| TASK [grafana : Ensure Grafana repo exists (RedHat only)] ********************************************************************************
2026-01-01 18:39:25,659 p=1189515 u=mukesh n=ansible INFO| ok: [ec2-3-110-197-121.ap-south-1.compute.amazonaws.com]
2026-01-01 18:39:25,686 p=1189515 u=mukesh n=ansible INFO| TASK [grafana : Install Grafana] *********************************************************************************************************
2026-01-01 18:39:27,734 p=1189515 u=mukesh n=ansible INFO| ok: [ec2-3-110-197-121.ap-south-1.compute.amazonaws.com]
2026-01-01 18:39:27,739 p=1189515 u=mukesh n=ansible INFO| TASK [grafana : Install dependencies (RedHat only)] **************************************************************************************
2026-01-01 18:39:29,654 p=1189515 u=mukesh n=ansible INFO| ok: [ec2-3-110-197-121.ap-south-1.compute.amazonaws.com]
2026-01-01 18:39:29,660 p=1189515 u=mukesh n=ansible INFO| TASK [grafana : Stop Grafana service if exists] ******************************************************************************************
2026-01-01 18:39:30,602 p=1189515 u=mukesh n=ansible INFO| changed: [ec2-3-110-197-121.ap-south-1.compute.amazonaws.com]
2026-01-01 18:39:30,606 p=1189515 u=mukesh n=ansible INFO| TASK [grafana : Create provisioning and dashboard directories] ***************************************************************************
2026-01-01 18:39:31,200 p=1189515 u=mukesh n=ansible INFO| ok: [ec2-3-110-197-121.ap-south-1.compute.amazonaws.com] => (item=/etc/grafana/provisioning/datasources)
2026-01-01 18:39:31,700 p=1189515 u=mukesh n=ansible INFO| ok: [ec2-3-110-197-121.ap-south-1.compute.amazonaws.com] => (item=/etc/grafana/provisioning/dashboards)
2026-01-01 18:39:32,521 p=1189515 u=mukesh n=ansible INFO| ok: [ec2-3-110-197-121.ap-south-1.compute.amazonaws.com] => (item=/var/lib/grafana/dashboards)
2026-01-01 18:39:32,530 p=1189515 u=mukesh n=ansible INFO| TASK [grafana : Copy Prometheus datasource] **********************************************************************************************
2026-01-01 18:39:33,851 p=1189515 u=mukesh n=ansible INFO| ok: [ec2-3-110-197-121.ap-south-1.compute.amazonaws.com]
2026-01-01 18:39:33,861 p=1189515 u=mukesh n=ansible INFO| TASK [grafana : Copy dashboard provider config] ******************************************************************************************
2026-01-01 18:39:35,414 p=1189515 u=mukesh n=ansible INFO| ok: [ec2-3-110-197-121.ap-south-1.compute.amazonaws.com]
2026-01-01 18:39:35,418 p=1189515 u=mukesh n=ansible INFO| TASK [grafana : Deploy Grafana dashboards] ***********************************************************************************************
2026-01-01 18:39:37,086 p=1189515 u=mukesh n=ansible INFO| ok: [ec2-3-110-197-121.ap-south-1.compute.amazonaws.com] => (item=node-exporter.json)
2026-01-01 18:39:38,592 p=1189515 u=mukesh n=ansible INFO| ok: [ec2-3-110-197-121.ap-south-1.compute.amazonaws.com] => (item=prometheus.json)
2026-01-01 18:39:39,994 p=1189515 u=mukesh n=ansible INFO| ok: [ec2-3-110-197-121.ap-south-1.compute.amazonaws.com] => (item=blackbox.json)
2026-01-01 18:39:40,005 p=1189515 u=mukesh n=ansible INFO| TASK [grafana : Ensure firewalld is installed and started] *******************************************************************************
2026-01-01 18:39:41,376 p=1189515 u=mukesh n=ansible INFO| ok: [ec2-3-110-197-121.ap-south-1.compute.amazonaws.com]
2026-01-01 18:39:41,380 p=1189515 u=mukesh n=ansible INFO| TASK [grafana : Start firewalld] *********************************************************************************************************
2026-01-01 18:39:42,309 p=1189515 u=mukesh n=ansible INFO| ok: [ec2-3-110-197-121.ap-south-1.compute.amazonaws.com]
2026-01-01 18:39:42,314 p=1189515 u=mukesh n=ansible INFO| TASK [grafana : Open Prometheus port] ****************************************************************************************************
2026-01-01 18:39:43,700 p=1189515 u=mukesh n=ansible INFO| ok: [ec2-3-110-197-121.ap-south-1.compute.amazonaws.com]
2026-01-01 18:39:43,708 p=1189515 u=mukesh n=ansible INFO| TASK [grafana : Open blackbox exporter port] *********************************************************************************************
2026-01-01 18:39:44,513 p=1189515 u=mukesh n=ansible INFO| ok: [ec2-3-110-197-121.ap-south-1.compute.amazonaws.com]
2026-01-01 18:39:44,520 p=1189515 u=mukesh n=ansible INFO| TASK [grafana : Open Grafana port] *******************************************************************************************************
2026-01-01 18:39:45,327 p=1189515 u=mukesh n=ansible INFO| ok: [ec2-3-110-197-121.ap-south-1.compute.amazonaws.com]
2026-01-01 18:39:45,332 p=1189515 u=mukesh n=ansible INFO| TASK [grafana : Reload firewalld] ********************************************************************************************************
2026-01-01 18:39:46,448 p=1189515 u=mukesh n=ansible INFO| changed: [ec2-3-110-197-121.ap-south-1.compute.amazonaws.com]
2026-01-01 18:39:46,454 p=1189515 u=mukesh n=ansible INFO| TASK [grafana : Enable and start Grafana] ************************************************************************************************
2026-01-01 18:39:48,618 p=1189515 u=mukesh n=ansible INFO| changed: [ec2-3-110-197-121.ap-south-1.compute.amazonaws.com]
2026-01-01 18:39:48,625 p=1189515 u=mukesh n=ansible INFO| TASK [grafana : include_tasks] ***********************************************************************************************************
2026-01-01 18:39:48,640 p=1189515 u=mukesh n=ansible INFO| skipping: [ec2-3-110-197-121.ap-south-1.compute.amazonaws.com]
2026-01-01 18:39:48,647 p=1189515 u=mukesh n=ansible INFO| TASK [blackbox : Install Blackbox exporter on RedHat] ************************************************************************************
2026-01-01 18:39:48,675 p=1189515 u=mukesh n=ansible INFO| included: /home/mukesh/Ansible-git-push/Assignment5a/roles/blackbox/tasks/redhat.yml for ec2-3-110-197-121.ap-south-1.compute.amazonaws.com
2026-01-01 18:39:48,677 p=1189515 u=mukesh n=ansible INFO| TASK [blackbox : Create blackbox user] ***************************************************************************************************
2026-01-01 18:39:49,318 p=1189515 u=mukesh n=ansible INFO| ok: [ec2-3-110-197-121.ap-south-1.compute.amazonaws.com]
2026-01-01 18:39:49,328 p=1189515 u=mukesh n=ansible INFO| TASK [blackbox : Download blackbox exporter] *********************************************************************************************
2026-01-01 18:39:50,238 p=1189515 u=mukesh n=ansible INFO| ok: [ec2-3-110-197-121.ap-south-1.compute.amazonaws.com]
2026-01-01 18:39:50,246 p=1189515 u=mukesh n=ansible INFO| TASK [blackbox : Extract blackbox exporter] **********************************************************************************************
2026-01-01 18:39:51,976 p=1189515 u=mukesh n=ansible INFO| ok: [ec2-3-110-197-121.ap-south-1.compute.amazonaws.com]
2026-01-01 18:39:51,986 p=1189515 u=mukesh n=ansible INFO| TASK [blackbox : Install blackbox binary] ************************************************************************************************
2026-01-01 18:39:52,931 p=1189515 u=mukesh n=ansible INFO| ok: [ec2-3-110-197-121.ap-south-1.compute.amazonaws.com]
2026-01-01 18:39:52,941 p=1189515 u=mukesh n=ansible INFO| TASK [blackbox : Copy blackbox config] ***************************************************************************************************
2026-01-01 18:39:54,324 p=1189515 u=mukesh n=ansible INFO| ok: [ec2-3-110-197-121.ap-south-1.compute.amazonaws.com]
2026-01-01 18:39:54,334 p=1189515 u=mukesh n=ansible INFO| TASK [blackbox : Set SELinux context for blackbox config] ********************************************************************************
2026-01-01 18:39:55,363 p=1189515 u=mukesh n=ansible INFO| ok: [ec2-3-110-197-121.ap-south-1.compute.amazonaws.com]
2026-01-01 18:39:55,372 p=1189515 u=mukesh n=ansible INFO| TASK [blackbox : Set SELinux context for blackbox binary] ********************************************************************************
2026-01-01 18:39:56,079 p=1189515 u=mukesh n=ansible INFO| ok: [ec2-3-110-197-121.ap-south-1.compute.amazonaws.com]
2026-01-01 18:39:56,085 p=1189515 u=mukesh n=ansible INFO| TASK [blackbox : Apply SELinux contexts] *************************************************************************************************
2026-01-01 18:39:56,577 p=1189515 u=mukesh n=ansible INFO| changed: [ec2-3-110-197-121.ap-south-1.compute.amazonaws.com]
2026-01-01 18:39:56,583 p=1189515 u=mukesh n=ansible INFO| TASK [blackbox : Create systemd service] *************************************************************************************************
2026-01-01 18:39:58,981 p=1189515 u=mukesh n=ansible INFO| ok: [ec2-3-110-197-121.ap-south-1.compute.amazonaws.com]
2026-01-01 18:39:58,990 p=1189515 u=mukesh n=ansible INFO| TASK [blackbox : Reload systemd] *********************************************************************************************************
2026-01-01 18:40:00,680 p=1189515 u=mukesh n=ansible INFO| changed: [ec2-3-110-197-121.ap-south-1.compute.amazonaws.com]
2026-01-01 18:40:00,687 p=1189515 u=mukesh n=ansible INFO| TASK [blackbox : Enable and start blackbox exporter] *************************************************************************************
2026-01-01 18:40:02,572 p=1189515 u=mukesh n=ansible INFO| ok: [ec2-3-110-197-121.ap-south-1.compute.amazonaws.com]
2026-01-01 18:40:02,576 p=1189515 u=mukesh n=ansible INFO| TASK [blackbox : Install Blackbox exporter on Ubuntu/Debian] *****************************************************************************
2026-01-01 18:40:02,589 p=1189515 u=mukesh n=ansible INFO| skipping: [ec2-3-110-197-121.ap-south-1.compute.amazonaws.com]
2026-01-01 18:40:02,593 p=1189515 u=mukesh n=ansible INFO| PLAY RECAP *******************************************************************************************************************************
2026-01-01 18:40:02,593 p=1189515 u=mukesh n=ansible INFO| ec2-3-110-197-121.ap-south-1.compute.amazonaws.com : ok=39   changed=6    unreachable=0    failed=0    skipped=3    rescued=0    ignored=0   
2026-01-01 18:40:02,593 p=1189515 u=mukesh n=ansible INFO| ec2-3-111-150-107.ap-south-1.compute.amazonaws.com : ok=13   changed=2    unreachable=0    failed=0    skipped=6    rescued=0    ignored=0   
